Frequency,Filter,Threshold,Frame Bitrate,FPS,Start Time,End Time,Avg Energy
1.5,pixel,0.000000,100,22.831,0.052,79.597,5.0378911949685525
1.5,pixel,0.000000,400,22.343,89.614,170.897,5.082429320987656
1.5,pixel,0.000000,700,21.885,180.900,263.893,5.073754078549852
1.5,pixel,0.000000,1000,21.854,273.895,356.982,5.090301510574016
1.5,pixel,0.000000,1300,21.853,366.985,450.098,5.073980722891567
1.5,pixel,0.000000,1600,21.842,460.100,543.262,5.0849093373493925
1.5,pixel,0.000000,1900,21.863,553.265,636.349,5.08438187311178
1.5,pixel,0.000000,2100,21.811,646.351,729.629,5.112651807228913
1.5,pixel,0.000000,2400,21.753,739.632,823.130,5.109846846846842
1.5,pixel,0.000000,2700,21.804,833.133,916.438,5.095401204819281
1.5,pixel,0.000000,3000,21.961,926.441,1009.134,5.11496424242424
1.5,pixel,0.010000,100,21.901,1019.179,1102.101,4.969192749244716
1.5,pixel,0.010000,400,21.682,1112.103,1195.859,4.997456586826354
1.5,pixel,0.010000,700,21.989,1205.862,1288.456,5.04460729483283
1.5,pixel,0.010000,1000,21.827,1298.459,1381.673,5.024718072289153
1.5,pixel,0.010000,1300,21.973,1391.676,1474.332,5.04522393939394
1.5,pixel,0.010000,1600,21.538,1484.334,1568.652,5.065157738095239
1.5,pixel,0.010000,1900,21.541,1578.655,1662.973,5.07683898809524
1.5,pixel,0.010000,2100,21.404,1672.976,1757.831,4.8802112426035515
1.5,pixel,0.010000,2400,21.548,1767.834,1852.136,4.821894642857137
1.5,pixel,0.010000,2700,21.377,1862.140,1947.090,4.906478171091448
1.5,pixel,0.010000,3000,21.852,1957.093,2040.201,4.840198489425987
1.5,pixel,0.020000,100,22.088,2050.205,2132.448,4.73691554878049
1.5,pixel,0.020000,400,21.723,2142.450,2226.045,4.742099401197603
1.5,pixel,0.020000,700,21.545,2236.048,2320.335,4.760727976190476
1.5,pixel,0.020000,1000,21.874,2330.338,2413.359,4.760121148036254
1.5,pixel,0.020000,1300,21.707,2423.361,2507.023,4.796476347305393
1.5,pixel,0.020000,1600,21.635,2517.026,2600.979,4.796128742514968
1.5,pixel,0.020000,1900,21.734,2610.982,2694.541,4.810867664670657
1.5,pixel,0.020000,2100,21.574,2704.544,2788.722,4.79304208955224
1.5,pixel,0.020000,2400,21.442,2798.725,2883.431,4.791285502958579
1.5,pixel,0.020000,2700,21.446,2893.433,2978.102,4.769823372781066
1.5,pixel,0.020000,3000,21.447,2988.105,3072.785,4.774741246290805
1.5,pixel,0.030000,100,21.697,3082.789,3166.483,4.699670059880238
1.5,pixel,0.030000,400,21.651,3176.486,3260.416,4.710881791044778
1.5,pixel,0.030000,700,21.460,3270.420,3355.060,4.7325020771513335
1.5,pixel,0.030000,1000,21.536,3365.064,3449.378,4.718073293768542
1.5,pixel,0.030000,1300,21.423,3459.381,3544.142,4.775711538461538
1.5,pixel,0.030000,1600,21.568,3554.145,3638.343,4.749366369047621
1.5,pixel,0.030000,1900,21.337,3648.346,3733.451,4.766300589970505
1.5,pixel,0.030000,2100,21.449,3743.454,3828.123,4.751905325443784
1.5,pixel,0.030000,2400,21.390,3838.126,3923.027,4.7869828402366865
1.5,pixel,0.030000,2700,21.396,3933.029,4017.904,4.747707669616515
1.5,pixel,0.030000,3000,21.440,4027.906,4112.612,4.763628402366864
1.5,pixel,0.040000,100,21.484,4122.616,4207.137,4.706910385756676
1.5,pixel,0.040000,400,21.411,4217.139,4301.986,4.707999705014751
1.5,pixel,0.040000,700,21.575,4311.989,4396.183,4.762885714285714
1.5,pixel,0.040000,1000,21.487,4406.186,4490.731,4.740548664688424
1.5,pixel,0.040000,1300,21.310,4500.734,4585.945,4.7478764705882375
1.5,pixel,0.040000,1600,21.467,4595.947,4680.586,4.728978635014838
1.5,pixel,0.040000,1900,21.552,4690.589,4774.888,4.730488095238099
1.5,pixel,0.040000,2100,21.151,4784.890,4870.740,4.746749271137026
1.5,pixel,0.040000,2400,21.235,4880.743,4966.298,4.76249677419355
1.5,pixel,0.040000,2700,21.461,4976.301,5060.955,4.752377218934908
1.5,pixel,0.040000,3000,21.242,5070.957,5156.487,4.75921026392962
1.5,pixel,0.050000,100,21.381,5166.491,5251.458,4.715906194690264
1.5,pixel,0.050000,400,21.290,5261.460,5346.749,4.711972647058825
1.5,pixel,0.050000,700,21.338,5356.751,5441.883,4.744782647058827
1.5,pixel,0.050000,1000,21.114,5451.886,5537.949,4.730279300291543
1.5,pixel,0.050000,1300,21.211,5547.952,5633.560,4.732201461988303
1.5,pixel,0.050000,1600,21.332,5643.563,5728.725,4.74898176470588
1.5,pixel,0.050000,1900,21.147,5738.728,5824.638,4.736705539358605
1.5,pixel,0.050000,2100,21.206,5834.641,5920.272,4.741404105571849
1.5,pixel,0.050000,2400,21.178,5930.275,6016.015,4.746226023391811
1.5,pixel,0.050000,2700,21.324,6026.018,6111.175,4.751822058823529
1.5,pixel,0.050000,3000,21.285,6121.178,6206.489,4.744782647058829
1.5,pixel,0.060000,100,21.348,6216.493,6301.554,4.740136578171095
1.5,pixel,0.060000,400,21.446,6311.557,6396.234,4.730111538461539
1.5,pixel,0.060000,700,21.271,6406.237,6491.614,4.710560882352945
1.5,pixel,0.060000,1000,21.333,6501.617,6586.748,4.72776970588235
1.5,pixel,0.060000,1300,21.263,6596.751,6682.157,4.742958064516129
1.5,pixel,0.060000,1600,21.349,6692.160,6777.215,4.720119764011802
1.5,pixel,0.060000,1900,21.088,6787.217,6873.330,4.74087965116279
1.5,pixel,0.060000,2100,21.086,6883.333,6969.455,4.7290626822157416
1.5,pixel,0.060000,2400,21.241,6979.458,7064.953,4.750983040935675
1.5,pixel,0.060000,2700,21.283,7074.955,7160.285,4.755232058823528
1.5,pixel,0.060000,3000,21.285,7170.288,7255.610,4.754106451612901
1.5,pixel,0.070000,100,21.290,7265.614,7350.902,4.720132058823533
1.5,pixel,0.070000,400,21.207,7360.905,7446.535,4.718622287390031
1.5,pixel,0.070000,700,21.326,7456.537,7541.687,4.71630648967552
1.5,pixel,0.070000,1000,21.411,7551.689,7636.502,4.72511740412979
1.5,pixel,0.070000,1300,21.242,7646.505,7731.989,4.7267862170087955
1.5,pixel,0.070000,1600,21.289,7741.992,7827.292,4.745302941176472
1.5,pixel,0.070000,1900,21.032,7837.295,7923.630,4.724216231884061
1.5,pixel,0.070000,2100,21.365,7933.633,8018.636,4.737848967551625
1.5,pixel,0.070000,2400,21.062,8028.639,8114.850,4.740229941860463
1.5,pixel,0.070000,2700,21.230,8124.852,8210.393,4.739389149560118
1.5,pixel,0.070000,3000,21.095,8220.395,8306.483,4.729475290697677
1.5,pixel,0.080000,100,21.468,8316.487,8401.071,4.723446290801186
1.5,pixel,0.080000,400,21.375,8411.074,8496.027,4.739584070796463
1.5,pixel,0.080000,700,21.361,8506.030,8591.035,4.747778171091446
1.5,pixel,0.080000,1000,21.101,8601.038,8687.092,4.745581924198249
1.5,pixel,0.080000,1300,21.169,8697.095,8782.870,4.725530409356724
1.5,pixel,0.080000,1600,21.197,8792.873,8878.541,4.730043859649124
1.5,pixel,0.080000,1900,21.068,8888.544,8974.742,4.751604069767442
1.5,pixel,0.080000,2100,21.094,8984.745,9070.828,4.741626162790698
1.5,pixel,0.080000,2400,21.315,9080.831,9166.016,4.740305882352939
1.5,pixel,0.080000,2700,21.054,9176.019,9262.268,4.73688260869565
1.5,pixel,0.080000,3000,21.227,9272.271,9357.815,4.74454868035191
1.5,pixel,0.090000,100,21.386,9367.819,9452.724,4.72047935103245
1.5,pixel,0.090000,400,21.265,9462.727,9548.120,4.720224633431084
1.5,pixel,0.090000,700,21.366,9558.123,9643.111,4.723487610619472
1.5,pixel,0.090000,1000,21.255,9653.113,9738.544,4.732560117302053
1.5,pixel,0.090000,1300,21.193,9748.546,9834.224,4.73225730994152
1.5,pixel,0.090000,1600,21.007,9844.227,9930.672,4.742837391304347
1.5,pixel,0.090000,1900,21.090,9940.675,10026.778,4.72768110465116
1.5,pixel,0.090000,2100,21.176,10036.780,10122.528,4.722917784256561
1.5,pixel,0.090000,2400,21.142,10132.531,10218.447,4.725110787172013
1.5,pixel,0.090000,2700,21.201,10228.450,10314.100,4.753037829912024
1.5,pixel,0.090000,3000,21.110,10324.103,10410.119,4.729000583090379
1.5,pixel,0.100000,100,21.347,10420.123,10505.180,4.712842058823533
1.5,pixel,0.100000,400,20.443,10515.183,10604.007,5.115888983050848
1.5,pixel,0.100000,700,21.403,10614.010,10698.856,5.006670206489674
1.5,pixel,0.100000,1000,21.452,10708.858,10793.514,4.96465697329377
1.5,pixel,0.100000,1300,21.534,10803.517,10887.843,4.9903625000000025
1.5,pixel,0.100000,1600,21.395,10897.847,10982.714,4.990102654867257
1.5,pixel,0.100000,1900,21.505,10992.716,11077.155,4.975732640949552
1.5,pixel,0.100000,2100,21.485,11087.157,11171.673,4.975566568047338
1.5,pixel,0.100000,2400,21.350,11181.676,11266.725,4.99704483775811
1.5,pixel,0.100000,2700,21.508,11276.728,11361.149,4.993717210682493
1.5,pixel,0.100000,3000,21.094,11371.152,11457.235,4.987900290697673
1.5,area,0.000000,100,20.909,11467.239,11554.113,5.181394797687864
1.5,area,0.000000,400,21.112,11564.116,11650.143,5.236606122448977
1.5,area,0.000000,700,20.856,11660.146,11747.236,5.242932564841496
1.5,area,0.000000,1000,21.036,11757.239,11843.585,5.248788953488371
1.5,area,0.000000,1300,21.008,11853.588,11940.056,5.269649275362319
1.5,area,0.000000,1600,20.811,11950.059,12037.332,5.270379597701152
1.5,area,0.000000,1900,20.938,12047.335,12134.081,5.268089884393065
1.5,area,0.000000,2100,20.607,12144.084,12232.230,5.268993750000001
1.5,area,0.000000,2400,20.728,12242.232,12329.830,5.2501037249283655
1.5,area,0.000000,2700,20.835,12339.832,12427.016,5.261526436781608
1.5,area,0.000000,3000,20.724,12437.019,12524.675,5.291110888252153
1.5,area,0.010000,100,21.080,12534.679,12620.813,5.155786588921277
1.5,area,0.010000,400,20.859,12630.815,12717.903,5.165342816091954
1.5,area,0.010000,700,20.591,12727.905,12816.128,5.187062393162394
1.5,area,0.010000,1000,20.687,12826.131,12913.918,5.175892285714285
1.5,area,0.010000,1300,20.771,12923.921,13011.357,5.21170773638968
1.5,area,0.010000,1600,20.890,13021.360,13108.319,5.206266763005782
1.5,area,0.010000,1900,20.845,13118.322,13205.459,5.204930459770111
1.5,area,0.010000,2100,20.878,13215.463,13302.464,5.186244797687858
1.5,area,0.010000,2400,20.862,13312.467,13399.519,5.199051149425288
1.5,area,0.010000,2700,20.852,13409.523,13496.631,5.220406628242076
1.5,area,0.010000,3000,20.767,13506.634,13594.095,5.190262068965515
1.5,area,0.020000,100,20.876,13604.100,13691.130,5.105317291066279
1.5,area,0.020000,400,20.776,13701.133,13788.545,5.110352148997135
1.5,area,0.020000,700,20.744,13798.548,13886.089,5.1279756446991405
1.5,area,0.020000,1000,20.725,13896.092,13983.719,5.135408595988534
1.5,area,0.020000,1300,20.795,13993.722,14081.035,5.124147277936962
1.5,area,0.020000,1600,20.578,14091.038,14179.287,5.128696022727269
1.5,area,0.020000,1900,20.986,14189.290,14275.829,5.148947536231887
1.5,area,0.020000,2100,20.706,14285.832,14373.533,5.132834383954153
1.5,area,0.020000,2400,20.667,14383.536,14471.409,5.156430769230772
1.5,area,0.020000,2700,20.704,14481.412,14569.114,5.17394899713467
1.5,area,0.020000,3000,20.868,14579.117,14666.145,5.143296253602304
1.5,area,0.030000,100,20.928,14676.149,14762.927,5.109618731988472
1.5,area,0.030000,400,20.643,14772.930,14860.909,5.0934697142857095
1.5,area,0.030000,700,20.751,14870.912,14958.434,5.099801142857141
1.5,area,0.030000,1000,20.867,14968.437,15055.451,5.098815561959655
1.5,area,0.030000,1300,20.758,15065.454,15152.934,5.106276217765041
1.5,area,0.030000,1600,20.621,15162.937,15251.011,5.1236891737891765
1.5,area,0.030000,1900,20.658,15261.014,15348.916,5.118392571428571
1.5,area,0.030000,2100,20.690,15358.919,15446.702,5.130955142857146
1.5,area,0.030000,2400,20.728,15456.704,15544.307,5.148376857142862
1.5,area,0.030000,2700,20.638,15554.310,15642.299,5.112533142857144
1.5,area,0.030000,3000,20.763,15652.303,15739.774,5.135140687679085
1.5,area,0.040000,100,20.806,15749.778,15837.067,5.053416954022991
1.5,area,0.040000,400,20.664,15847.070,15934.987,5.065995726495726
1.5,area,0.040000,700,20.766,15944.989,16032.492,5.080541954022991
1.5,area,0.040000,1000,20.620,16042.495,16130.570,5.088215384615386
1.5,area,0.040000,1300,20.800,16140.573,16227.885,5.0616928160919565
1.5,area,0.040000,1600,20.707,16237.888,16325.586,5.069920857142863
1.5,area,0.040000,1900,20.876,16335.589,16422.613,5.072181556195965
1.5,area,0.040000,2100,20.870,16432.616,16519.626,5.079042651296829
1.5,area,0.040000,2400,20.686,16529.629,16617.410,5.0815997142857166
1.5,area,0.040000,2700,20.784,16627.413,16714.794,5.085403735632186
1.5,area,0.040000,3000,20.803,16724.797,16812.089,5.092512068965516
1.5,area,0.050000,100,20.761,16822.094,16909.570,5.0643484240687675
1.5,area,0.050000,400,20.746,16919.573,17007.121,5.043589398280802
1.5,area,0.050000,700,20.828,17017.124,17104.324,5.030127298850572
1.5,area,0.050000,1000,20.850,17114.327,17201.415,5.058485590778103
1.5,area,0.050000,1300,20.998,17211.418,17297.900,5.064071304347824
1.5,area,0.050000,1600,20.827,17307.903,17395.090,5.053969540229882
1.5,area,0.050000,1900,20.623,17405.093,17493.148,5.079565811965817
1.5,area,0.050000,2100,20.493,17503.150,17591.766,5.044373654390936
1.5,area,0.050000,2400,20.761,17601.769,17689.233,5.079755873925502
1.5,area,0.050000,2700,20.794,17699.236,17786.571,5.074349712643675
1.5,area,0.050000,3000,20.849,17796.574,17883.684,5.044582471264368
1.5,area,0.060000,100,20.525,17893.688,17982.158,5.044805099150145
1.5,area,0.060000,400,20.736,17992.161,18079.737,5.030975644699144
1.5,area,0.060000,700,20.783,18089.740,18177.113,5.04533103448276
1.5,area,0.060000,1000,20.959,18187.116,18273.773,5.040484393063582
1.5,area,0.060000,1300,20.514,18283.776,18372.312,5.04579263456091
1.5,area,0.060000,1600,20.644,18382.315,18470.290,5.018847293447294
1.5,area,0.060000,1900,20.544,18480.293,18568.705,5.044468465909096
1.5,area,0.060000,2100,20.712,18578.708,18666.372,5.015484285714285
1.5,area,0.060000,2400,20.722,18676.375,18763.996,5.033063428571428
1.5,area,0.060000,2700,20.841,18773.999,18861.127,5.044690201729107
1.5,area,0.060000,3000,20.948,18871.130,18957.827,5.0316604046242785
1.5,area,0.070000,100,20.728,18967.831,19055.448,5.021434097421204
1.5,area,0.070000,400,20.815,19065.450,19152.682,5.002523563218389
1.5,area,0.070000,700,20.795,19162.684,19250.024,5.028114942528738
1.5,area,0.070000,1000,20.790,19260.027,19347.381,5.0478363896848135
1.5,area,0.070000,1300,20.707,19357.384,19445.096,5.02734899713467
1.5,area,0.070000,1600,20.879,19455.099,19542.072,5.028616714697408
1.5,area,0.070000,1900,20.776,19552.075,19639.488,5.02192005730659
1.5,area,0.070000,2100,20.746,19649.491,19737.032,5.039845845272203
1.5,area,0.070000,2400,20.787,19747.035,19834.405,5.013263218390803
1.5,area,0.070000,2700,20.867,19844.408,19931.443,5.031750287356323
1.5,area,0.070000,3000,20.719,19941.446,20029.099,5.057548424068769
1.5,area,0.080000,100,20.739,20039.103,20126.671,5.018904297994267
1.5,area,0.080000,400,20.882,20136.674,20223.674,5.016259654178674
1.5,area,0.080000,700,20.836,20233.679,20320.830,5.00580775862069
1.5,area,0.080000,1000,20.773,20330.833,20418.253,4.999559770114942
1.5,area,0.080000,1300,20.592,20428.256,20516.452,5.015154261363642
1.5,area,0.080000,1600,20.761,20526.455,20613.919,5.0240988538681925
1.5,area,0.080000,1900,20.767,20623.922,20711.361,5.025265616045847
1.5,area,0.080000,2100,20.698,20721.364,20809.101,5.05161085714286
1.5,area,0.080000,2400,20.778,20819.104,20906.492,5.008662068965516
1.5,area,0.080000,2700,20.814,20916.495,21003.752,4.996939080459776
1.5,area,0.080000,3000,20.681,21013.755,21101.550,4.838914857142856
1.5,area,0.090000,100,20.794,21111.554,21198.900,4.805558333333329
1.5,area,0.090000,400,21.025,21208.903,21295.270,4.803532173913041
1.5,area,0.090000,700,20.665,21305.273,21393.156,4.8247714285714265
1.5,area,0.090000,1000,20.831,21403.159,21490.340,4.830416379310346
1.5,area,0.090000,1300,20.627,21500.342,21588.395,4.820907407407404
1.5,area,0.090000,1600,20.843,21598.398,21685.530,4.816926149425288
1.5,area,0.090000,1900,20.702,21695.533,21783.269,4.834355714285714
1.5,area,0.090000,2100,20.935,21793.272,21880.025,4.799232080924858
1.5,area,0.090000,2400,20.750,21890.028,21977.552,4.795603438395418
1.5,area,0.090000,2700,21.114,21987.555,22073.559,4.817408454810495
1.5,area,0.090000,3000,20.457,22083.563,22172.330,4.822239265536724
1.5,area,0.100000,100,21.004,22182.334,22268.806,4.835324927536227
1.5,area,0.100000,400,20.635,22278.809,22366.830,4.8040860398860366
1.5,area,0.100000,700,20.995,22376.833,22463.320,4.7993771014492745
1.5,area,0.100000,1000,20.935,22473.323,22560.061,4.796186994219653
1.5,area,0.100000,1300,20.698,22570.064,22657.811,4.809052000000001
1.5,area,0.100000,1600,20.840,22667.814,22754.960,4.785688218390806
1.5,area,0.100000,1900,20.816,22764.963,22852.212,4.876163793103453
1.5,area,0.100000,2100,20.713,22862.215,22949.898,4.794158739255016
1.5,area,0.100000,2400,21.020,22959.901,23046.284,4.812306086956526
1.5,area,0.100000,2700,20.827,23056.288,23143.535,4.80176925287357
1.5,area,0.100000,3000,20.706,23153.539,23241.254,4.783475142857144
1.5,edge,0.000000,100,19.780,23251.259,23343.088,5.022942896174861
1.5,edge,0.000000,400,19.493,23353.091,23446.273,5.0893692722371995
1.5,edge,0.000000,700,19.818,23456.317,23547.968,5.081465205479451
1.5,edge,0.000000,1000,19.996,23557.971,23648.793,5.0949602209944755
1.5,edge,0.000000,1300,19.869,23658.796,23750.241,5.1381416438356196
1.5,edge,0.000000,1600,20.040,23760.244,23850.913,5.17829944598338
1.5,edge,0.000000,1900,19.844,23860.916,23952.499,5.215570410958903
1.5,edge,0.000000,2100,19.706,23962.503,24054.648,5.280035054347824
1.5,edge,0.000000,2400,19.959,24064.652,24155.660,5.257928453038674
1.5,edge,0.000000,2700,19.908,24165.663,24256.892,5.185761813186818
1.5,edge,0.000000,3000,19.868,24266.895,24358.330,5.094915659340659
1.5,edge,0.000400,100,19.807,24368.335,24460.049,5.0500909836065615
1.5,edge,0.000400,400,19.700,24470.053,24562.267,5.081523978201632
1.5,edge,0.000400,700,19.638,24572.270,24664.780,5.140613279132794
1.5,edge,0.000400,1000,19.760,24674.784,24766.669,5.092719398907103
1.5,edge,0.000400,1300,19.754,24776.672,24868.597,5.093282240437164
1.5,edge,0.000400,1600,19.751,24878.600,24970.557,5.089522888283382
1.5,edge,0.000400,1900,19.858,24980.560,25072.000,5.11649285714286
1.5,edge,0.000400,2100,19.847,25082.003,25173.543,5.090344109589042
1.5,edge,0.000400,2400,19.637,25183.546,25276.064,5.157160704607048
1.5,edge,0.000400,2700,19.841,25286.067,25377.630,5.155902465753424
1.5,edge,0.000400,3000,19.709,25387.633,25479.807,5.125746866485013
1.5,edge,0.000800,100,19.666,25489.811,25582.177,5.04785842391305
1.5,edge,0.000800,400,19.717,25592.180,25684.275,5.050925543478265
1.5,edge,0.000800,700,19.524,25694.279,25787.331,5.101677567567566
1.5,edge,0.000800,1000,19.570,25797.334,25890.108,5.200223783783786
1.5,edge,0.000800,1300,19.497,25900.111,25993.273,5.1492477088948805
1.5,edge,0.000800,1600,19.786,26003.276,26095.069,5.260286338797812
1.5,edge,0.000800,1900,19.805,26105.072,26196.780,5.104266575342468
1.5,edge,0.000800,2100,19.764,26206.783,26298.714,5.109579564032696
1.5,edge,0.000800,2400,19.666,26308.718,26401.122,5.092152173913038
1.5,edge,0.000800,2700,19.680,26411.125,26503.422,5.125037228260868
1.5,edge,0.000800,3000,19.740,26513.425,26605.446,5.09383387978142
1.5,edge,0.001200,100,19.767,26615.450,26707.331,5.088178201634876
1.5,edge,0.001200,400,19.549,26717.334,26810.248,5.056476486486489
1.5,edge,0.001200,700,19.660,26820.251,26912.652,5.072657880434783
1.5,edge,0.001200,1000,19.615,26922.655,27015.219,5.047180487804881
1.5,edge,0.001200,1300,19.675,27025.222,27117.508,5.085900271739129
1.5,edge,0.001200,1600,19.578,27127.512,27220.347,5.110759729729729
1.5,edge,0.001200,1900,19.479,27230.352,27323.603,5.119151881720432
1.5,edge,0.001200,2100,19.532,27333.606,27426.593,5.086799189189186
1.5,edge,0.001200,2400,19.567,27436.596,27529.407,5.097947297297299
1.5,edge,0.001200,2700,19.630,27539.410,27631.944,5.084921467391302
1.5,edge,0.001200,3000,19.471,27641.947,27735.232,5.083961021505381
1.5,edge,0.001600,100,19.772,27745.236,27837.092,5.040443989071037
1.5,edge,0.001600,400,19.696,27847.096,27939.306,5.048424795640321
1.5,edge,0.001600,700,19.726,27949.309,28041.377,5.053314713896456
1.5,edge,0.001600,1000,19.735,28051.380,28143.386,5.053758855585832
1.5,edge,0.001600,1300,19.628,28153.389,28245.970,5.049620596205963
1.5,edge,0.001600,1600,19.671,28255.973,28348.343,5.077578804347828
1.5,edge,0.001600,1900,19.419,28358.346,28451.847,5.049910723860587
1.5,edge,0.001600,2100,19.588,28461.851,28554.579,5.06002737127371
1.5,edge,0.001600,2400,19.514,28564.583,28657.658,5.053212668463609
1.5,edge,0.001600,2700,19.578,28667.661,28760.431,5.050454054054055
1.5,edge,0.001600,3000,19.472,28770.435,28863.705,5.069799730458221
1.5,edge,0.002000,100,19.653,28873.709,28966.125,5.014921467391307
1.5,edge,0.002000,400,19.616,28976.128,29068.712,5.00210894308943
1.5,edge,0.002000,700,19.654,29078.715,29171.103,5.0084785326087005
1.5,edge,0.002000,1000,19.585,29181.106,29273.816,5.031100813008129
1.5,edge,0.002000,1300,19.582,29283.819,29376.569,5.029993513513516
1.5,edge,0.002000,1600,19.499,29386.572,29479.711,5.030674932614553
1.5,edge,0.002000,1900,19.593,29489.714,29582.394,5.023999186991871
1.5,edge,0.002000,2100,19.494,29592.397,29685.560,5.032890026954179
1.5,edge,0.002000,2400,19.468,29695.563,29788.843,5.0258032345013435
1.5,edge,0.002000,2700,19.504,29798.847,29891.963,5.058802964959571
1.5,edge,0.002000,3000,19.484,29901.967,29995.174,5.020240860215052
1.5,edge,0.002400,100,19.661,30005.179,30097.553,5.001714402173913
1.5,edge,0.002400,400,19.671,30107.556,30199.881,4.99788885869565
1.5,edge,0.002400,700,19.574,30209.884,30302.697,5.010955945945943
1.5,edge,0.002400,1000,19.625,30312.701,30405.233,5.011142547425476
1.5,edge,0.002400,1300,19.474,30415.236,30508.477,5.027398382749329
1.5,edge,0.002400,1600,19.591,30518.480,30611.185,5.031493783783783
1.5,edge,0.002400,1900,19.530,30621.188,30714.190,5.035650540540543
1.5,edge,0.002400,2100,19.610,30724.193,30816.814,5.019038918918924
1.5,edge,0.002400,2400,19.460,30826.817,30920.156,5.06488382749326
1.5,edge,0.002400,2700,19.466,30930.161,31023.435,5.043338709677421
1.5,edge,0.002400,3000,19.626,31033.439,31125.965,5.014765853658534
1.5,edge,0.002800,100,19.433,31135.970,31229.419,4.985686021505378
1.5,edge,0.002800,400,19.761,31239.423,31331.325,4.986075476839241
1.5,edge,0.002800,700,19.403,31341.329,31434.920,5.095022043010753
1.5,edge,0.002800,1000,19.535,31444.923,31537.868,5.018952291105118
1.5,edge,0.002800,1300,19.628,31547.872,31640.395,5.0359566395663995
1.5,edge,0.002800,1600,19.499,31650.399,31743.538,5.0525121293800535
1.5,edge,0.002800,1900,19.403,31753.542,31847.140,5.027457372654151
1.5,edge,0.002800,2100,19.650,31857.144,31949.572,5.009055163043477
1.5,edge,0.002800,2400,19.561,31959.575,32052.398,5.053673513513511
1.5,edge,0.002800,2700,19.483,32062.401,32155.625,5.061415591397848
1.5,edge,0.002800,3000,19.664,32165.628,32257.979,5.029475271739128
1.5,edge,0.003200,100,19.582,32267.983,32360.728,5.012104054054054
1.5,edge,0.003200,400,19.541,32370.731,32463.671,5.010388108108109
1.5,edge,0.003200,700,19.525,32473.675,32566.677,4.984126415094338
1.5,edge,0.003200,1000,19.356,32576.681,32670.493,5.024391443850265
1.5,edge,0.003200,1300,19.532,32680.496,32773.472,5.009545945945945
1.5,edge,0.003200,1600,19.280,32783.475,32877.668,5.0446313829787215
1.5,edge,0.003200,1900,19.578,32887.671,32980.432,5.059573513513515
1.5,edge,0.003200,2100,19.417,32990.435,33083.957,5.007356720430111
1.5,edge,0.003200,2400,19.422,33093.960,33187.465,5.032145967741935
1.5,edge,0.003200,2700,19.408,33197.468,33291.051,5.046207238605897
1.5,edge,0.003200,3000,19.677,33301.054,33393.349,5.019901358695656
1.5,edge,0.003600,100,19.490,33403.354,33496.567,4.997710752688173
1.5,edge,0.003600,400,19.438,33506.571,33600.001,4.992732795698924
1.5,edge,0.003600,700,19.414,33610.005,33703.550,4.990716890080431
1.5,edge,0.003600,1000,19.428,33713.554,33807.031,5.022149597855232
1.5,edge,0.003600,1300,19.524,33817.034,33910.040,5.019573584905661
1.5,edge,0.003600,1600,19.446,33920.043,34013.435,5.022564247311831
1.5,edge,0.003600,1900,19.491,34023.438,34116.616,5.028304851752019
1.5,edge,0.003600,2100,19.381,34126.619,34220.316,5.00742245989305
1.5,edge,0.003600,2400,19.578,34230.319,34323.076,5.039340379403793
1.5,edge,0.003600,2700,19.396,34333.081,34426.711,5.006414705882352
1.5,edge,0.003600,3000,19.494,34436.714,34529.872,5.013301078167113
1.5,edge,0.004000,100,19.454,34539.877,34633.233,4.996274462365589
1.5,edge,0.004000,400,19.408,34643.236,34736.789,5.002125469168901
1.5,edge,0.004000,700,19.602,34746.793,34839.436,4.9902390243902435
1.5,edge,0.004000,1000,19.389,34849.439,34943.105,4.992996524064173
1.5,edge,0.004000,1300,19.522,34953.109,35046.136,4.997789218328847
1.5,edge,0.004000,1600,19.423,35056.140,35149.620,5.003141397849464
1.5,edge,0.004000,1900,19.463,35159.623,35252.924,4.998285215053765
1.5,edge,0.004000,2100,19.556,35262.927,35355.791,4.989468378378377
1.5,edge,0.004000,2400,19.520,35365.795,35458.819,5.029676010781677
1.5,edge,0.004000,2700,19.429,35468.822,35562.299,5.023132439678283
1.5,edge,0.004000,3000,19.329,35572.303,35666.282,5.001860800000001
1.8,pixel,0.000000,100,22.622,35676.302,35756.586,5.523775312500001
1.8,pixel,0.000000,400,22.533,35766.588,35847.189,5.587624922118381
1.8,pixel,0.000000,700,22.106,35857.192,35939.339,5.621140243902441
1.8,pixel,0.000000,1000,21.934,35949.341,36032.181,5.632197272727274
1.8,pixel,0.000000,1300,21.971,36042.184,36124.859,5.630496960486319
1.8,pixel,0.000000,1600,22.158,36134.861,36216.822,5.64569021406728
1.8,pixel,0.000000,1900,22.038,36226.825,36309.235,5.658160790273557
1.8,pixel,0.000000,2100,21.898,36319.237,36402.176,5.676188181818178
1.8,pixel,0.000000,2400,21.984,36412.178,36494.791,5.660502127659576
1.8,pixel,0.000000,2700,21.928,36504.793,36587.616,5.662096072507558
1.8,pixel,0.000000,3000,21.937,36597.618,36680.404,5.647018484848481
1.8,pixel,0.010000,100,22.349,36690.408,36771.671,5.505800308641977
1.8,pixel,0.010000,400,22.236,36781.673,36863.350,5.537836196319018
1.8,pixel,0.010000,700,22.104,36873.352,36955.518,5.597225076452603
1.8,pixel,0.010000,1000,22.068,36965.521,37047.843,5.614998780487803
1.8,pixel,0.010000,1300,22.059,37057.845,37140.192,5.6354358662614
1.8,pixel,0.010000,1600,21.951,37150.194,37232.924,5.638878484848488
1.8,pixel,0.010000,1900,22.044,37242.926,37325.300,5.614537500000001
1.8,pixel,0.010000,2100,22.050,37335.302,37417.666,5.6238027439024405
1.8,pixel,0.010000,2400,21.906,37427.668,37510.564,5.618938670694866
1.8,pixel,0.010000,2700,21.977,37520.566,37603.197,5.643029179331306
1.8,pixel,0.010000,3000,21.851,37613.200,37696.303,5.65436325301205
1.8,pixel,0.020000,100,22.145,37706.306,37788.311,5.5130287461773735
1.8,pixel,0.020000,400,22.153,37798.313,37880.286,5.545998165137615
1.8,pixel,0.020000,700,21.991,37890.288,37972.865,5.569598480243166
1.8,pixel,0.020000,1000,22.116,37982.867,38065.012,5.602217682926828
1.8,pixel,0.020000,1300,21.973,38075.015,38157.666,5.593188449848026
1.8,pixel,0.020000,1600,21.999,38167.668,38250.251,5.6022431610942265
1.8,pixel,0.020000,1900,22.087,38260.254,38342.462,5.60704756097561
1.8,pixel,0.020000,2100,21.835,38352.464,38435.622,5.597147590361447
1.8,pixel,0.020000,2400,22.029,38445.624,38528.067,5.622706990881455
1.8,pixel,0.020000,2700,21.956,38538.069,38620.781,5.6361066869300895
1.8,pixel,0.020000,3000,21.878,38630.784,38713.781,5.643686102719034
1.8,pixel,0.030000,100,22.025,38723.784,38806.229,5.52616656534954
1.8,pixel,0.030000,400,21.951,38816.231,38898.951,5.517791515151517
1.8,pixel,0.030000,700,22.056,38908.954,38991.285,5.547446200607897
1.8,pixel,0.030000,1000,21.894,39001.288,39084.233,5.562714501510571
1.8,pixel,0.030000,1300,22.032,39094.236,39176.653,5.58163536585366
1.8,pixel,0.030000,1600,21.876,39186.656,39269.662,5.556209969788523
1.8,pixel,0.030000,1900,21.868,39279.664,39362.709,5.614182228915665
1.8,pixel,0.030000,2100,21.809,39372.712,39455.970,5.5988530120481945
1.8,pixel,0.030000,2400,21.811,39465.972,39549.495,5.60338048048048
1.8,pixel,0.030000,2700,21.680,39559.497,39643.259,5.633544311377248
1.8,pixel,0.030000,3000,21.684,39653.261,39737.018,5.587602994011975
1.8,pixel,0.040000,100,21.854,39747.022,39830.114,5.530371987951808
1.8,pixel,0.040000,400,21.764,39840.117,39923.581,5.540894594594592
1.8,pixel,0.040000,700,21.963,39933.583,40016.290,5.578502727272731
1.8,pixel,0.040000,1000,21.822,40026.293,40109.504,5.550052710843379
1.8,pixel,0.040000,1300,21.819,40119.506,40202.759,5.54453674698795
1.8,pixel,0.040000,1600,21.923,40212.761,40295.630,5.55405363636364
1.8,pixel,0.040000,1900,21.761,40305.632,40389.106,5.550780239520956
1.8,pixel,0.040000,2100,21.706,40399.108,40482.771,5.587723952095808
1.8,pixel,0.040000,2400,21.697,40492.774,40576.471,5.567836227544913
1.8,pixel,0.040000,2700,21.754,40586.473,40669.951,5.59273093093093
1.8,pixel,0.040000,3000,21.722,40679.953,40763.585,5.606672754491017
1.8,pixel,0.050000,100,21.976,40773.588,40856.218,5.543677575757576
1.8,pixel,0.050000,400,21.664,40866.220,40950.039,5.537224850299402
1.8,pixel,0.050000,700,21.682,40960.042,41043.791,5.546609281437124
1.8,pixel,0.050000,1000,21.692,41053.794,41137.508,5.55636556886227
1.8,pixel,0.050000,1300,21.717,41147.510,41231.122,5.566617065868268
1.8,pixel,0.050000,1600,21.637,41241.124,41325.051,5.542224776119402
1.8,pixel,0.050000,1900,21.675,41335.053,41418.834,5.573576047904192
1.8,pixel,0.050000,2100,21.548,41428.836,41513.106,5.5618901785714305
1.8,pixel,0.050000,2400,21.537,41523.110,41607.461,5.558918694362017
1.8,pixel,0.050000,2700,21.774,41617.463,41700.936,5.566310210210211
1.8,pixel,0.050000,3000,21.465,41710.938,41795.562,5.5773275147928985
1.8,pixel,0.060000,100,21.947,41805.565,41888.293,5.543619696969697
1.8,pixel,0.060000,400,21.784,41898.296,41981.647,5.53983644578313
1.8,pixel,0.060000,700,21.781,41991.649,42075.015,5.545075075075075
1.8,pixel,0.060000,1000,21.629,42085.018,42168.972,5.557215223880598
1.8,pixel,0.060000,1300,21.731,42178.974,42262.535,5.5581783783783765
1.8,pixel,0.060000,1600,21.752,42272.537,42356.012,5.552071771771769
1.8,pixel,0.060000,1900,21.801,42366.014,42449.324,5.553749549549547
1.8,pixel,0.060000,2100,21.837,42459.327,42542.491,5.587331722054381
1.8,pixel,0.060000,2400,21.554,42552.493,42636.749,5.575298507462687
1.8,pixel,0.060000,2700,21.636,42646.751,42730.696,5.55247970149254
1.8,pixel,0.060000,3000,21.608,42740.698,42824.747,5.5716680597014925
1.8,pixel,0.070000,100,21.693,42834.751,42918.465,5.548855089820356
1.8,pixel,0.070000,400,21.740,42928.467,43011.990,5.548432634730538
1.8,pixel,0.070000,700,21.858,43021.993,43105.069,5.526180362537762
1.8,pixel,0.070000,1000,21.677,43115.071,43198.835,5.563553892215571
1.8,pixel,0.070000,1300,21.725,43208.837,43292.415,5.55344311377245
1.8,pixel,0.070000,1600,21.683,43302.418,43386.157,5.553354790419161
1.8,pixel,0.070000,1900,21.772,43396.160,43479.563,5.5670123123123165
1.8,pixel,0.070000,2100,21.838,43489.565,43572.721,5.559521084337352
1.8,pixel,0.070000,2400,21.508,43582.723,43667.148,5.560235311572706
1.8,pixel,0.070000,2700,21.618,43677.150,43761.147,5.588640298507467
1.8,pixel,0.070000,3000,21.687,43771.149,43854.882,5.564248502994008
1.8,pixel,0.080000,100,21.705,43864.885,43948.543,5.51886137724551
1.8,pixel,0.080000,400,21.747,43958.546,44042.048,5.521323423423425
1.8,pixel,0.080000,700,21.722,44052.050,44135.646,5.564035329341315
1.8,pixel,0.080000,1000,21.823,44145.649,44228.861,5.54336746987952
1.8,pixel,0.080000,1300,21.738,44238.864,44322.396,5.563687687687687
1.8,pixel,0.080000,1600,21.757,44332.398,44415.864,5.5661999999999985
1.8,pixel,0.080000,1900,21.826,44425.866,44509.067,5.582228614457833
1.8,pixel,0.080000,2100,21.456,44519.069,44603.695,5.56122366863905
1.8,pixel,0.080000,2400,21.711,44613.698,44697.329,5.570764071856286
1.8,pixel,0.080000,2700,21.751,44707.331,44790.812,5.553441441441442
1.8,pixel,0.080000,3000,21.704,44800.815,44884.482,5.589536826347307
1.8,pixel,0.090000,100,21.841,44894.486,44977.629,5.5377135951661565
1.8,pixel,0.090000,400,21.760,44987.631,45071.102,5.541566066066063
1.8,pixel,0.090000,700,21.758,45081.109,45164.566,5.55244714714715
1.8,pixel,0.090000,1000,21.580,45174.569,45258.716,5.551662499999999
1.8,pixel,0.090000,1300,21.803,45268.718,45352.001,5.551570481927708
1.8,pixel,0.090000,1600,21.844,45362.004,45445.126,5.559050903614456
1.8,pixel,0.090000,1900,21.795,45455.128,45538.440,5.5508481927710855
1.8,pixel,0.090000,2100,21.630,45548.443,45632.394,5.55539492537314
1.8,pixel,0.090000,2400,21.745,45642.396,45725.899,5.570532634730542
1.8,pixel,0.090000,2700,21.379,45735.901,45820.840,5.601691420118342
1.8,pixel,0.090000,3000,21.554,45830.842,45915.091,5.586364391691397
1.8,pixel,0.100000,100,21.650,45925.094,46008.969,5.559455089820359
1.8,pixel,0.100000,400,21.691,46018.971,46102.683,5.583525149700599
1.8,pixel,0.100000,700,21.607,46112.689,46196.733,5.581247916666667
1.8,pixel,0.100000,1000,21.715,46206.735,46290.360,5.575770270270271
1.8,pixel,0.100000,1300,21.715,46300.363,46383.988,5.5711353293413195
1.8,pixel,0.100000,1600,21.512,46393.990,46478.401,5.561432047477744
1.8,pixel,0.100000,1900,21.699,46488.404,46572.086,5.540737724550895
1.8,pixel,0.100000,2100,21.684,46582.088,46665.834,5.5685015015015
1.8,pixel,0.100000,2400,21.664,46675.836,46759.662,5.5624005970149195
1.8,pixel,0.100000,2700,21.704,46769.664,46853.326,5.5657167664670695
1.8,pixel,0.100000,3000,21.750,46863.328,46946.823,5.573395795795793
1.8,area,0.000000,100,21.417,46956.826,47041.639,5.867993491124261
1.8,area,0.000000,400,21.273,47051.642,47137.017,5.908110588235293
1.8,area,0.000000,700,21.206,47147.019,47232.664,5.915440643274854
1.8,area,0.000000,1000,21.078,47242.667,47328.835,5.944226822157437
1.8,area,0.000000,1300,21.095,47338.838,47424.948,5.9880105263157875
1.8,area,0.000000,1600,21.176,47434.951,47520.732,5.999003519061581
1.8,area,0.000000,1900,20.992,47530.736,47617.270,5.989389855072464
1.8,area,0.000000,2100,20.979,47627.273,47713.852,5.992096231884058
1.8,area,0.000000,2400,21.012,47723.854,47810.299,5.9667649275362304
1.8,area,0.000000,2700,20.999,47820.302,47906.797,6.002063478260873
1.8,area,0.000000,3000,20.891,47916.800,48003.736,5.9793445086705175
1.8,area,0.010000,100,21.439,48013.739,48098.447,5.81947958579882
1.8,area,0.010000,400,21.382,48108.449,48193.377,5.859844542772867
1.8,area,0.010000,700,21.320,48203.379,48288.571,5.861712389380536
1.8,area,0.010000,1000,21.348,48298.573,48383.642,5.876207374631265
1.8,area,0.010000,1300,21.292,48393.645,48478.940,5.882961583577714
1.8,area,0.010000,1600,21.218,48488.942,48574.543,5.909184750733141
1.8,area,0.010000,1900,21.254,48584.546,48669.997,5.883404398826977
1.8,area,0.010000,2100,21.221,48679.999,48765.584,5.935307038123168
1.8,area,0.010000,2400,21.170,48775.586,48861.384,5.904626315789473
1.8,area,0.010000,2700,21.202,48871.386,48957.046,5.9291266862170104
1.8,area,0.010000,3000,21.126,48967.048,49053.016,5.897758892128278
1.8,area,0.020000,100,21.421,49063.020,49147.793,5.771952366863908
1.8,area,0.020000,400,21.404,49157.796,49242.626,5.762600294985251
1.8,area,0.020000,700,21.327,49252.629,49337.774,5.779808554572268
1.8,area,0.020000,1000,21.284,49347.777,49433.135,5.819817647058824
1.8,area,0.020000,1300,21.394,49443.138,49528.014,5.828148082595869
1.8,area,0.020000,1600,21.194,49538.016,49623.706,5.851302923976606
1.8,area,0.020000,1900,21.176,49633.709,49719.459,5.8408195906432745
1.8,area,0.020000,2100,21.268,49729.461,49814.856,5.835681524926685
1.8,area,0.020000,2400,21.229,49824.858,49910.404,5.834363049853372
1.8,area,0.020000,2700,21.193,49920.407,50006.137,5.83915233918129
1.8,area,0.020000,3000,21.188,50016.139,50101.849,5.851812903225807
1.8,area,0.030000,100,21.395,50111.853,50196.728,5.758104719764011
1.8,area,0.030000,400,21.282,50206.731,50292.072,5.754319117647058
1.8,area,0.030000,700,21.346,50302.074,50387.152,5.75203569321534
1.8,area,0.030000,1000,21.298,50397.154,50482.425,5.724622873900297
1.8,area,0.030000,1300,21.318,50492.428,50577.615,5.753025663716815
1.8,area,0.030000,1600,21.386,50587.617,50672.541,5.772612094395285
1.8,area,0.030000,1900,21.271,50682.543,50767.915,5.763258823529413
1.8,area,0.030000,2100,21.441,50777.918,50862.611,5.83933431952663
1.8,area,0.030000,2400,21.175,50872.614,50958.370,5.793945029239765
1.8,area,0.030000,2700,21.166,50968.372,51054.180,5.817532944606411
1.8,area,0.030000,3000,21.253,51064.183,51149.637,5.795455588235294
1.8,area,0.040000,100,21.443,51159.641,51244.322,5.72707071005917
1.8,area,0.040000,400,21.334,51254.324,51339.478,5.752471176470587
1.8,area,0.040000,700,21.355,51349.481,51434.516,5.768282300884952
1.8,area,0.040000,1000,21.242,51444.518,51530.005,5.747736070381233
1.8,area,0.040000,1300,21.422,51540.008,51624.780,5.755939644970413
1.8,area,0.040000,1600,21.320,51634.782,51719.960,5.739458407079648
1.8,area,0.040000,1900,21.187,51729.962,51815.673,5.7809744868035216
1.8,area,0.040000,2100,21.409,51825.676,51910.503,5.739739528023597
1.8,area,0.040000,2400,21.229,51920.506,52006.055,5.7687926686217015
1.8,area,0.040000,2700,21.343,52016.057,52101.151,5.758444247787611
1.8,area,0.040000,3000,21.202,52111.153,52196.850,5.732720760233921
1.8,area,0.050000,100,21.509,52206.853,52291.279,5.696499702380947
1.8,area,0.050000,400,21.389,52301.282,52386.186,5.718222485207103
1.8,area,0.050000,700,21.200,52396.189,52481.850,5.722707309941519
1.8,area,0.050000,1000,21.047,52491.853,52578.138,5.715291569767445
1.8,area,0.050000,1300,21.195,52588.140,52673.836,5.744966666666665
1.8,area,0.050000,1600,21.334,52683.838,52768.960,5.7309460176991145
1.8,area,0.050000,1900,21.287,52778.962,52864.282,5.732746176470586
1.8,area,0.050000,2100,21.583,52874.285,52958.429,5.731140298507463
1.8,area,0.050000,2400,21.278,52968.432,53053.771,5.731660588235293
1.8,area,0.050000,2700,21.282,53063.773,53149.090,5.750290029325519
1.8,area,0.050000,3000,20.913,53159.092,53245.927,5.7598760115606975
1.8,area,0.060000,100,21.506,53255.931,53340.367,5.72512818991098
1.8,area,0.060000,400,21.468,53350.369,53434.972,5.71239881305638
1.8,area,0.060000,700,21.250,53444.974,53530.429,5.725776246334312
1.8,area,0.060000,1000,21.375,53540.432,53625.374,5.714703244837763
1.8,area,0.060000,1300,21.348,53635.376,53720.464,5.698842772861361
1.8,area,0.060000,1600,21.395,53730.468,53815.349,5.74128495575221
1.8,area,0.060000,1900,21.223,53825.351,53910.931,5.749091202346045
1.8,area,0.060000,2100,21.586,53920.934,54005.051,5.738909226190477
1.8,area,0.060000,2400,21.255,54015.053,54100.494,5.7435147058823555
1.8,area,0.060000,2700,21.143,54110.497,54196.371,5.707478425655975
1.8,area,0.060000,3000,21.348,54206.374,54291.447,5.735009734513273
1.8,area,0.070000,100,21.389,54301.451,54386.355,5.7040014749262555
1.8,area,0.070000,400,21.523,54396.358,54480.723,5.712756845238095
1.8,area,0.070000,700,21.494,54490.725,54575.209,5.73682573964497
1.8,area,0.070000,1000,21.435,54585.211,54669.934,5.722016863905328
1.8,area,0.070000,1300,21.516,54679.936,54764.337,5.71971632047478
1.8,area,0.070000,1600,21.257,54774.339,54859.765,5.7085914956011745
1.8,area,0.070000,1900,21.244,54869.767,54955.234,5.711969501466277
1.8,area,0.070000,2100,21.288,54965.277,55050.593,5.730862352941173
1.8,area,0.070000,2400,21.357,55060.596,55145.632,5.726754867256639
1.8,area,0.070000,2700,21.085,55155.635,55241.762,5.710064534883723
1.8,area,0.070000,3000,21.545,55251.765,55336.060,5.717202083333335
1.8,area,0.080000,100,21.668,55346.065,55429.882,5.702579940119757
1.8,area,0.080000,400,21.425,55439.884,55524.646,5.688534319526631
1.8,area,0.080000,700,21.111,55534.648,55620.661,5.700934693877554
1.8,area,0.080000,1000,21.551,55630.664,55714.928,5.719504451038579
1.8,area,0.080000,1300,21.308,55724.931,55810.165,5.719445000000001
1.8,area,0.080000,1600,21.349,55820.167,55905.227,5.729549557522126
1.8,area,0.080000,1900,21.224,55915.229,56000.779,5.756721700879765
1.8,area,0.080000,2100,21.438,56010.781,56095.499,5.724550295857987
1.8,area,0.080000,2400,21.509,56105.502,56189.926,5.686176854599406
1.8,area,0.080000,2700,21.425,56199.929,56284.682,5.727730177514791
1.8,area,0.080000,3000,21.333,56294.685,56379.843,5.721082941176469
1.8,area,0.090000,100,21.253,56389.848,56475.288,5.722697653958948
1.8,area,0.090000,400,21.341,56485.291,56570.397,5.708170796460178
1.8,area,0.090000,700,21.418,56580.399,56665.180,5.735237278106509
1.8,area,0.090000,1000,21.248,56675.182,56760.639,5.695271847507331
1.8,area,0.090000,1300,21.326,56770.642,56855.796,5.726401764705884
1.8,area,0.090000,1600,21.466,56865.798,56950.395,5.680386390532545
1.8,area,0.090000,1900,21.605,56960.397,57044.442,5.701236119402986
1.8,area,0.090000,2100,21.317,57054.444,57139.642,5.714210882352939
1.8,area,0.090000,2400,21.373,57149.645,57234.620,5.696022418879052
1.8,area,0.090000,2700,21.306,57244.623,57329.869,5.71113764705882
1.8,area,0.090000,3000,20.980,57339.913,57426.461,5.732205217391305
1.8,area,0.100000,100,21.320,57436.465,57521.635,5.707153529411764
1.8,area,0.100000,400,21.477,57531.638,57616.191,5.69074540059347
1.8,area,0.100000,700,21.255,57626.193,57711.625,5.715226099706744
1.8,area,0.100000,1000,21.226,57721.628,57807.181,5.698862756598241
1.8,area,0.100000,1300,21.334,57817.184,57902.312,5.72074794117647
1.8,area,0.100000,1600,21.399,57912.315,57997.189,5.71639380530973
1.8,area,0.100000,1900,21.230,58007.192,58092.770,5.710271847507336
1.8,area,0.100000,2100,21.335,58102.814,58187.943,5.716646176470588
1.8,area,0.100000,2400,21.410,58197.946,58282.764,5.701209171597636
1.8,area,0.100000,2700,21.398,58292.766,58377.622,5.71853076923077
1.8,area,0.100000,3000,21.184,58387.625,58473.337,5.731912573099416
1.8,edge,0.000000,100,20.094,58483.340,58573.737,5.996803878116345
1.8,edge,0.000000,400,20.013,58583.740,58674.508,6.056184806629838
1.8,edge,0.000000,700,20.177,58684.511,58774.495,6.085620949720672
1.8,edge,0.000000,1000,20.026,58784.497,58875.203,6.081480110497232
1.8,edge,0.000000,1300,20.083,58885.206,58975.657,6.109286111111108
1.8,edge,0.000000,1600,19.949,58985.659,59076.696,6.1083173553719
1.8,edge,0.000000,1900,20.032,59086.698,59177.362,6.117966481994462
1.8,edge,0.000000,2100,20.006,59187.365,59278.165,6.14095552486188
1.8,edge,0.000000,2400,19.972,59288.167,59379.153,6.106561432506892
1.8,edge,0.000000,2700,19.973,59389.156,59480.106,6.110387292817678
1.8,edge,0.000000,3000,20.030,59490.109,59580.820,6.135699722991692
1.8,edge,0.000400,100,20.091,59590.824,59681.215,6.047817174515243
1.8,edge,0.000400,400,19.923,59691.218,59782.371,6.073468595041322
1.8,edge,0.000400,700,19.991,59792.415,59883.253,6.099246132596681
1.8,edge,0.000400,1000,19.853,59893.256,59984.713,6.130457534246571
1.8,edge,0.000400,1300,19.965,59994.716,60085.704,6.126485359116023
1.8,edge,0.000400,1600,19.865,60095.707,60187.134,6.144178082191777
1.8,edge,0.000400,1900,20.004,60197.137,60287.934,6.1549947368421
1.8,edge,0.000400,2100,19.874,60297.936,60389.323,6.1465578512396695
1.8,edge,0.000400,2400,19.808,60399.326,60491.024,6.130695355191257
1.8,edge,0.000400,2700,19.738,60501.027,60593.037,6.138761748633881
1.8,edge,0.000400,3000,19.786,60603.040,60694.846,6.1263882191780805
1.8,edge,0.000800,100,20.095,60704.850,60795.263,6.049038781163438
1.8,edge,0.000800,400,19.901,60805.266,60896.504,6.0484349862259
1.8,edge,0.000800,700,20.011,60906.506,60997.271,6.07525817174515
1.8,edge,0.000800,1000,19.952,61007.273,61098.317,6.104871900826451
1.8,edge,0.000800,1300,20.052,61108.320,61198.899,6.113573407202218
1.8,edge,0.000800,1600,19.918,61208.902,61300.073,6.155314325068872
1.8,edge,0.000800,1900,19.902,61310.077,61401.403,6.109516208791205
1.8,edge,0.000800,2100,19.753,61411.410,61503.368,6.121642779291553
1.8,edge,0.000800,2400,19.903,61513.370,61604.628,6.137088705234159
1.8,edge,0.000800,2700,19.831,61614.631,61706.216,6.144490136986298
1.8,edge,0.000800,3000,19.810,61716.218,61807.872,6.15050273224044
1.8,edge,0.001200,100,20.044,61817.876,61908.500,6.052769529085867
1.8,edge,0.001200,400,20.018,61918.503,62009.225,6.087538227146816
1.8,edge,0.001200,700,20.001,62019.228,62110.007,6.100211325966852
1.8,edge,0.001200,1000,19.835,62120.009,62211.590,6.119332054794522
1.8,edge,0.001200,1300,19.959,62221.593,62312.616,6.119351657458564
1.8,edge,0.001200,1600,19.858,62322.618,62414.079,6.127587671232873
1.8,edge,0.001200,1900,19.948,62424.082,62515.148,6.122571074380167
1.8,edge,0.001200,2100,19.928,62525.150,62616.276,6.140958677685958
1.8,edge,0.001200,2400,19.836,62626.279,62717.883,6.11101835616438
1.8,edge,0.001200,2700,19.729,62727.885,62819.956,6.1278871934604915
1.8,edge,0.001200,3000,19.910,62829.958,62921.180,6.1246909340659395
1.8,edge,0.001600,100,20.054,62931.224,63021.787,6.044143213296404
1.8,edge,0.001600,400,20.020,63031.790,63122.511,6.071509418282547
1.8,edge,0.001600,700,19.910,63132.514,63223.725,6.089591483516486
1.8,edge,0.001600,1000,19.924,63233.728,63324.882,6.068586225895321
1.8,edge,0.001600,1300,19.955,63334.885,63425.886,6.112125619834713
1.8,edge,0.001600,1600,19.888,63435.889,63527.202,6.099750274725273
1.8,edge,0.001600,1900,19.868,63537.205,63628.608,6.1118244505494514
1.8,edge,0.001600,2100,19.917,63638.611,63729.787,6.126014876033061
1.8,edge,0.001600,2400,19.765,63739.790,63831.679,6.104016666666673
1.8,edge,0.001600,2700,19.823,63841.681,63933.283,6.146749315068495
1.8,edge,0.001600,3000,19.820,63943.286,64034.909,6.17310491803279
1.8,edge,0.002000,100,19.889,64044.913,64136.233,6.05272286501377
1.8,edge,0.002000,400,19.850,64146.236,64237.721,6.09811726027397
1.8,edge,0.002000,700,19.793,64247.724,64339.469,6.1063240437158495
1.8,edge,0.002000,1000,19.758,64349.472,64441.382,6.12070928961749
1.8,edge,0.002000,1300,19.787,64451.385,64543.161,6.121802185792354
1.8,edge,0.002000,1600,19.777,64553.164,64644.995,6.110823770491802
1.8,edge,0.002000,1900,19.629,64654.998,64747.515,6.125519512195125
1.8,edge,0.002000,2100,19.736,64757.518,64849.540,6.172351771117167
1.8,edge,0.002000,2400,19.806,64859.542,64951.230,6.087276438356167
1.8,edge,0.002000,2700,19.640,64961.233,65053.694,6.093434688346882
1.8,edge,0.002000,3000,19.803,65063.697,65155.397,6.103196448087433
1.8,edge,0.002400,100,19.812,65165.401,65257.051,6.059838630136995
1.8,edge,0.002400,400,19.766,65267.054,65358.912,6.0256907103825155
1.8,edge,0.002400,700,19.662,65368.915,65461.284,6.075657880434789
1.8,edge,0.002400,1000,19.608,65471.286,65563.911,6.089457181571812
1.8,edge,0.002400,1300,19.656,65573.914,65666.305,6.109980758807591
1.8,edge,0.002400,1600,19.714,65676.308,65768.432,6.101566757493192
1.8,edge,0.002400,1900,19.752,65778.434,65870.369,6.11982049180328
1.8,edge,0.002400,2100,19.687,65880.372,65972.623,6.099735869565219
1.8,edge,0.002400,2400,19.618,65982.626,66075.199,6.091895392953924
1.8,edge,0.002400,2700,19.694,66085.202,66177.419,6.113488043478261
1.8,edge,0.002400,3000,19.659,66187.422,66279.798,6.1372407608695605
1.8,edge,0.002800,100,19.629,66289.802,66382.317,6.092752303523037
1.8,edge,0.002800,400,19.593,66392.320,66484.995,6.089880216802164
1.8,edge,0.002800,700,19.526,66494.998,66588.005,6.126318059299192
1.8,edge,0.002800,1000,19.548,66598.009,66690.911,6.091084324324321
1.8,edge,0.002800,1300,19.598,66700.914,66793.582,6.10496189189189
1.8,edge,0.002800,1600,19.525,66803.584,66896.595,6.106140700808624
1.8,edge,0.002800,1900,19.524,66906.598,66999.621,6.1098745945945945
1.8,edge,0.002800,2100,19.518,67009.624,67102.672,6.090156603773585
1.8,edge,0.002800,2400,19.710,67112.675,67204.821,6.121447010869565
1.8,edge,0.002800,2700,19.607,67214.826,67307.431,6.11752466124661
1.8,edge,0.002800,3000,19.468,67317.434,67410.704,6.086434946236564
1.8,edge,0.003200,100,19.355,67420.708,67514.537,6.10178930481284
1.8,edge,0.003200,400,19.529,67524.540,67617.586,6.085496765498654
1.8,edge,0.003200,700,19.318,67627.595,67721.602,6.078727807486629
1.8,edge,0.003200,1000,19.427,67731.605,67825.075,6.101384450402152
1.8,edge,0.003200,1300,19.358,67835.078,67928.891,6.097614705882349
1.8,edge,0.003200,1600,19.469,67938.894,68032.158,6.102795161290318
1.8,edge,0.003200,1900,19.394,68042.161,68135.800,6.075591689008042
1.8,edge,0.003200,2100,18.821,68145.803,68242.297,6.211563020833335
1.8,edge,0.003200,2400,18.551,68252.333,68350.297,6.376326478149091
1.8,edge,0.003200,2700,19.002,68360.302,68455.878,6.3175055118110235
1.8,edge,0.003200,3000,18.946,68465.885,68561.742,6.385166753926706
1.8,edge,0.003600,100,19.322,68571.758,68665.747,6.352671466666671
1.8,edge,0.003600,400,19.409,68675.751,68769.302,6.371928418230564
1.8,edge,0.003600,700,19.315,68779.304,68873.326,6.385187199999998
1.8,edge,0.003600,1000,19.379,68883.329,68977.046,6.397790616621986
1.8,edge,0.003600,1300,19.336,68987.049,69080.972,6.391365866666666
1.8,edge,0.003600,1600,19.231,69090.975,69185.397,6.393760372340429
1.8,edge,0.003600,1900,19.376,69195.401,69289.129,6.393661930294904
1.8,edge,0.003600,2100,19.463,69299.132,69392.436,6.428341666666663
1.8,edge,0.003600,2400,18.393,69402.439,69501.199,6.3459213740457985
1.8,edge,0.003600,2700,19.208,69511.202,69605.753,6.434806896551725
1.8,edge,0.003600,3000,19.226,69615.757,69710.202,6.409798143236075
1.8,edge,0.004000,100,19.015,69720.205,69815.715,6.364307874015748
1.8,edge,0.004000,400,19.096,69825.717,69920.817,6.345817678100262
1.8,edge,0.004000,700,19.236,69930.819,70025.235,6.347185106382978
1.8,edge,0.004000,1000,19.231,70035.238,70129.673,6.369688031914892
1.8,edge,0.004000,1300,19.238,70139.676,70234.072,6.361621750663131
1.8,edge,0.004000,1600,19.308,70244.075,70338.132,6.381746666666667
1.8,edge,0.004000,1900,19.162,70348.135,70442.916,6.416589153439156
1.8,edge,0.004000,2100,19.173,70452.919,70547.637,6.415253174603177
1.8,edge,0.004000,2400,19.179,70557.640,70652.332,6.403539682539681
1.8,edge,0.004000,2700,19.110,70662.334,70757.361,6.41687724867725
1.8,edge,0.004000,3000,19.075,70767.364,70862.566,6.414527704485489
2.1,pixel,0.000000,100,22.528,70872.584,70953.192,6.409464285714285
2.1,pixel,0.000000,400,22.496,70963.194,71043.923,6.489496261682243
2.1,pixel,0.000000,700,22.485,71053.925,71134.679,6.515399690402478
2.1,pixel,0.000000,1000,22.360,71144.682,71225.938,6.620855727554179
2.1,pixel,0.000000,1300,22.106,71235.940,71318.079,6.582296941896024
2.1,pixel,0.000000,1600,21.988,71328.081,71410.666,6.5906629179331295
2.1,pixel,0.000000,1900,22.211,71420.668,71502.420,6.577383742331292
2.1,pixel,0.000000,2100,22.231,71512.422,71594.119,6.626783435582824
2.1,pixel,0.000000,2400,22.182,71604.121,71686.025,6.566649847094802
2.1,pixel,0.000000,2700,22.253,71696.027,71777.647,6.6518880000000005
2.1,pixel,0.000000,3000,22.088,71787.649,71869.899,6.5905094512195115
2.1,pixel,0.010000,100,22.248,71879.902,71961.527,6.4074349693251555
2.1,pixel,0.010000,400,22.339,71971.529,72052.819,6.501289814814816
2.1,pixel,0.010000,700,22.280,72062.822,72144.369,6.551512923076922
2.1,pixel,0.010000,1000,22.179,72154.371,72236.257,6.5067446483180404
2.1,pixel,0.010000,1300,22.153,72246.259,72328.247,6.585034862385321
2.1,pixel,0.010000,1600,22.061,72338.248,72420.602,6.552908536585369
2.1,pixel,0.010000,1900,22.136,72430.604,72512.652,6.522616207951073
2.1,pixel,0.010000,2100,22.052,72522.654,72604.999,6.581178723404261
2.1,pixel,0.010000,2400,22.066,72615.001,72697.307,6.549461280487808
2.1,pixel,0.010000,2700,22.022,72707.309,72789.763,6.593306686930094
2.1,pixel,0.010000,3000,21.884,72799.765,72882.757,6.580928096676742
2.1,pixel,0.020000,100,22.244,72892.760,72974.430,6.391863496932521
2.1,pixel,0.020000,400,21.926,72984.432,73067.250,6.465943030303034
2.1,pixel,0.020000,700,21.701,73077.252,73160.926,6.473615269461076
2.1,pixel,0.020000,1000,21.811,73170.928,73254.183,6.484689457831327
2.1,pixel,0.020000,1300,21.569,73264.185,73348.376,6.54281458333333
2.1,pixel,0.020000,1600,21.616,73358.378,73442.387,6.487614925373131
2.1,pixel,0.020000,1900,21.517,73452.389,73536.787,6.486298809523809
2.1,pixel,0.020000,2100,21.773,73546.789,73630.198,6.519338738738736
2.1,pixel,0.020000,2400,21.838,73640.200,73723.370,6.47095770392749
2.1,pixel,0.020000,2700,21.807,73733.372,73816.654,6.568871171171167
2.1,pixel,0.020000,3000,21.853,73826.657,73909.763,6.487140785498493
2.1,pixel,0.030000,100,21.864,73919.766,74002.816,6.427031419939579
2.1,pixel,0.030000,400,21.902,74012.818,74095.730,6.370972205438067
2.1,pixel,0.030000,700,21.789,74105.732,74189.075,6.474291265060242
2.1,pixel,0.030000,1000,21.920,74199.077,74281.930,6.437810876132929
2.1,pixel,0.030000,1300,21.728,74291.932,74375.514,6.490402702702698
2.1,pixel,0.030000,1600,21.783,74385.517,74468.876,6.478545045045041
2.1,pixel,0.030000,1900,21.753,74478.878,74562.368,6.557611711711717
2.1,pixel,0.030000,2100,21.305,74572.370,74657.641,6.515760882352939
2.1,pixel,0.030000,2400,21.434,74667.644,74752.361,6.623851775147923
2.1,pixel,0.030000,2700,21.438,74762.364,74847.078,6.53560946745562
2.1,pixel,0.030000,3000,21.105,74857.086,74943.123,6.671534693877553
2.1,pixel,0.040000,100,21.551,74953.126,75037.414,6.469397023809522
2.1,pixel,0.040000,400,21.130,75047.416,75133.385,6.679888046647234
2.1,pixel,0.040000,700,21.796,75143.388,75226.701,6.425361561561565
2.1,pixel,0.040000,1000,21.731,75236.703,75320.294,6.476363663663664
2.1,pixel,0.040000,1300,21.681,75330.338,75414.096,6.376644776119401
2.1,pixel,0.040000,1600,21.654,75424.099,75507.987,6.492347904191618
2.1,pixel,0.040000,1900,21.708,75517.989,75601.642,6.402169760479041
2.1,pixel,0.040000,2100,21.803,75611.644,75694.932,6.447996987951809
2.1,pixel,0.040000,2400,21.560,75704.934,75789.159,6.408789583333334
2.1,pixel,0.040000,2700,21.591,75799.160,75883.263,6.477150149253733
2.1,pixel,0.040000,3000,21.743,75893.265,75976.782,6.4577985029940095
2.1,pixel,0.050000,100,21.629,75986.785,76070.766,6.380716417910454
2.1,pixel,0.050000,400,21.750,76080.768,76164.252,6.406953153153147
2.1,pixel,0.050000,700,21.757,76174.254,76257.714,6.46542432432433
2.1,pixel,0.050000,1000,21.666,76267.716,76351.562,6.41497343283582
2.1,pixel,0.050000,1300,21.718,76361.564,76445.176,6.435912312312311
2.1,pixel,0.050000,1600,21.699,76455.178,76538.865,6.449128143712573
2.1,pixel,0.050000,1900,21.685,76548.867,76632.607,6.429605389221555
2.1,pixel,0.050000,2100,21.616,76642.609,76726.621,6.424500297619046
2.1,pixel,0.050000,2400,21.796,76736.623,76819.964,6.4795852409638535
2.1,pixel,0.050000,2700,21.620,76829.966,76914.007,6.454798208955225
2.1,pixel,0.050000,3000,21.638,76924.010,77007.930,6.384466865671635
2.1,pixel,0.060000,100,21.730,77017.933,77101.508,6.45017634730539
2.1,pixel,0.060000,400,21.738,77111.510,77195.049,6.388623123123123
2.1,pixel,0.060000,700,21.646,77205.052,77288.931,6.24102507462687
2.1,pixel,0.060000,1000,21.770,77298.933,77382.348,6.182594594594597
2.1,pixel,0.060000,1300,21.488,77392.350,77476.859,6.244930563798223
2.1,pixel,0.060000,1600,21.705,77486.862,77570.530,6.218625748502995
2.1,pixel,0.060000,1900,21.596,77580.533,77664.612,6.2203143283582065
2.1,pixel,0.060000,2100,21.657,77674.614,77758.474,6.207989253731343
2.1,pixel,0.060000,2400,21.678,77768.477,77852.241,6.156785029940121
2.1,pixel,0.060000,2700,21.546,77862.244,77946.518,6.226431750741841
2.1,pixel,0.060000,3000,21.701,77956.520,78040.198,6.162066666666667
2.1,pixel,0.070000,100,21.840,78050.201,78133.343,6.187994259818738
2.1,pixel,0.070000,400,20.860,78143.345,78230.406,6.223499712643677
2.1,pixel,0.070000,700,21.464,78240.408,78325.014,6.138448664688425
2.1,pixel,0.070000,1000,21.687,78335.017,78418.754,6.143701492537311
2.1,pixel,0.070000,1300,21.688,78428.756,78512.485,6.193813772455089
2.1,pixel,0.070000,1600,21.686,78522.487,78606.223,6.161254790419161
2.1,pixel,0.070000,1900,21.674,78616.225,78700.015,6.157652694610786
2.1,pixel,0.070000,2100,21.929,78710.019,78792.824,6.172270996978853
2.1,pixel,0.070000,2400,21.841,78802.826,78885.960,6.137461746987952
2.1,pixel,0.070000,2700,21.664,78895.962,78979.783,6.2311679640718625
2.1,pixel,0.070000,3000,21.648,78989.785,79073.668,6.162462089552243
2.1,pixel,0.080000,100,21.665,79083.671,79167.489,6.1143242514970115
2.1,pixel,0.080000,400,21.730,79177.491,79261.055,6.109518263473053
2.1,pixel,0.080000,700,21.733,79271.057,79354.610,6.209034534534539
2.1,pixel,0.080000,1000,21.765,79364.612,79448.037,6.146920420420415
2.1,pixel,0.080000,1300,21.542,79458.039,79542.339,6.149998516320475
2.1,pixel,0.080000,1600,21.592,79552.342,79636.439,6.146118208955222
2.1,pixel,0.080000,1900,21.740,79646.441,79729.967,6.114602395209584
2.1,pixel,0.080000,2100,21.533,79739.970,79824.299,6.152649404761902
2.1,pixel,0.080000,2400,21.806,79834.302,79917.575,6.1910216216216245
2.1,pixel,0.080000,2700,21.679,79927.577,80011.343,6.156874251497006
2.1,pixel,0.080000,3000,21.577,80021.346,80105.501,6.222327380952381
2.1,pixel,0.090000,100,21.718,80115.504,80199.117,6.148822222222219
2.1,pixel,0.090000,400,21.595,80209.119,80293.211,6.211449107142859
2.1,pixel,0.090000,700,21.648,80303.213,80387.095,6.16892656716418
2.1,pixel,0.090000,1000,21.603,80397.097,80481.151,6.141685373134325
2.1,pixel,0.090000,1300,21.626,80491.153,80575.122,6.192995223880595
2.1,pixel,0.090000,1600,21.699,80585.124,80668.805,6.148657784431134
2.1,pixel,0.090000,1900,21.751,80678.807,80762.292,6.208777777777779
2.1,pixel,0.090000,2100,21.557,80772.294,80856.531,6.148928783382782
2.1,pixel,0.090000,2400,21.750,80866.533,80950.023,6.1989696696696654
2.1,pixel,0.090000,2700,21.863,80960.025,81043.083,6.163442296072507
2.1,pixel,0.090000,3000,21.627,81053.085,81137.048,6.147602985074625
2.1,pixel,0.100000,100,21.611,81147.051,81231.071,6.165742559523811
2.1,pixel,0.100000,400,21.681,81241.073,81324.829,6.129678143712573
2.1,pixel,0.100000,700,21.516,81334.832,81419.230,6.146206231454011
2.1,pixel,0.100000,1000,21.559,81429.233,81513.464,6.131070623145403
2.1,pixel,0.100000,1300,21.620,81523.467,81607.459,6.182499104477615
2.1,pixel,0.100000,1600,21.903,81617.461,81700.370,6.1550051359516615
2.1,pixel,0.100000,1900,21.867,81710.372,81793.414,6.145172809667674
2.1,pixel,0.100000,2100,21.416,81803.417,81888.211,6.2621227810650915
2.1,pixel,0.100000,2400,21.752,81898.213,81981.691,6.131507507507511
2.1,pixel,0.100000,2700,21.506,81991.694,82076.127,6.218654005934711
2.1,pixel,0.100000,3000,21.831,82086.129,82169.308,6.121244578313251
2.1,area,0.000000,100,21.544,82179.311,82263.605,6.648292857142854
2.1,area,0.000000,400,21.550,82273.607,82357.880,6.643147619047619
2.1,area,0.000000,700,21.346,82367.882,82452.980,6.6580235294117704
2.1,area,0.000000,1000,21.286,82462.983,82548.306,6.690067352941178
2.1,area,0.000000,1300,21.282,82558.308,82643.626,6.700517058823535
2.1,area,0.000000,1600,21.531,82653.628,82737.978,6.731620535714287
2.1,area,0.000000,1900,21.431,82747.980,82832.740,6.751254142011835
2.1,area,0.000000,2100,21.318,82842.745,82927.939,6.717413274336279
2.1,area,0.000000,2400,21.484,82937.942,83022.487,6.728832544378696
2.1,area,0.000000,2700,21.328,83032.489,83117.647,6.762786430678464
2.1,area,0.000000,3000,21.397,83127.649,83212.538,6.743176696165199
2.1,area,0.010000,100,21.464,83222.541,83307.165,6.538707715133528
2.1,area,0.010000,400,21.417,83317.168,83401.972,6.513353550295856
2.1,area,0.010000,700,21.266,83411.974,83497.374,6.559585337243405
2.1,area,0.010000,1000,21.349,83507.376,83592.439,6.598166076696162
2.1,area,0.010000,1300,21.271,83602.441,83687.852,6.56491935483871
2.1,area,0.010000,1600,21.372,83697.854,83782.826,6.593484070796463
2.1,area,0.010000,1900,21.428,83792.829,83877.598,6.60559289940828
2.1,area,0.010000,2100,21.427,83887.601,83972.363,6.6237559171597615
2.1,area,0.010000,2400,21.480,83982.365,84066.931,6.638782789317505
2.1,area,0.010000,2700,21.450,84076.933,84161.620,6.64197366863906
2.1,area,0.010000,3000,21.431,84171.622,84256.354,6.586153412462913
2.1,area,0.020000,100,21.496,84266.358,84350.823,6.515127002967354
2.1,area,0.020000,400,21.196,84360.825,84446.500,6.465814912280695
2.1,area,0.020000,700,21.215,84456.502,84542.088,6.54371730205279
2.1,area,0.020000,1000,21.247,84552.090,84637.569,6.529374486803519
2.1,area,0.020000,1300,21.329,84647.571,84732.700,6.521648529411765
2.1,area,0.020000,1600,21.358,84742.702,84827.724,6.54125545722714
2.1,area,0.020000,1900,21.219,84837.726,84923.308,6.5404935483871
2.1,area,0.020000,2100,21.274,84933.310,85018.666,6.565096187683288
2.1,area,0.020000,2400,21.085,85028.669,85114.784,6.573590379008741
2.1,area,0.020000,2700,21.159,85124.786,85210.686,6.5603979591836765
2.1,area,0.020000,3000,21.217,85220.688,85306.265,6.570976764705884
2.1,area,0.030000,100,21.129,85316.268,85402.214,6.509411661807576
2.1,area,0.030000,400,21.306,85412.216,85497.451,6.486857647058821
2.1,area,0.030000,700,21.310,85507.453,85592.669,6.477454411764703
2.1,area,0.030000,1000,21.072,85602.671,85688.844,6.471129651162795
2.1,area,0.030000,1300,21.397,85698.847,85783.715,6.436512130177513
2.1,area,0.030000,1600,21.227,85793.718,85879.258,6.4719756598240465
2.1,area,0.030000,1900,21.137,85889.261,85975.181,6.490490670553937
2.1,area,0.030000,2100,21.159,85985.184,86071.015,6.4999175438596515
2.1,area,0.030000,2400,21.123,86081.018,86166.975,6.525624198250725
2.1,area,0.030000,2700,21.055,86176.978,86263.236,6.518011337209297
2.1,area,0.030000,3000,21.141,86273.238,86359.128,6.500420991253647
2.1,area,0.040000,100,21.352,86369.131,86454.175,6.451509144542778
2.1,area,0.040000,400,21.243,86464.178,86549.663,6.445131378299119
2.1,area,0.040000,700,21.051,86559.665,86645.921,6.430112790697673
2.1,area,0.040000,1000,21.116,86655.924,86741.913,6.487959766763848
2.1,area,0.040000,1300,21.049,86751.916,86838.195,6.4714005813953515
2.1,area,0.040000,1600,21.176,86848.198,86933.972,6.468287719298253
2.1,area,0.040000,1900,20.342,86943.975,87033.252,6.7912974719101085
2.1,area,0.040000,2100,20.282,87043.327,87132.872,7.089912324929972
2.1,area,0.040000,2400,20.626,87142.875,87230.966,7.071143304843305
2.1,area,0.040000,2700,20.517,87240.969,87329.475,7.063964872521252
2.1,area,0.040000,3000,20.579,87339.493,87427.736,6.98129943181818
2.1,area,0.050000,100,21.386,87437.740,87522.655,6.704184660766959
2.1,area,0.050000,400,21.303,87532.658,87617.907,6.7023685294117605
2.1,area,0.050000,700,21.420,87627.909,87712.672,6.710893491124261
2.1,area,0.050000,1000,21.328,87722.675,87807.820,6.677009705882354
2.1,area,0.050000,1300,21.369,87817.822,87902.798,6.714441592920356
2.1,area,0.050000,1600,21.397,87912.800,87997.666,6.675717109144536
2.1,area,0.050000,1900,20.573,88007.669,88095.926,6.766288068181819
2.1,area,0.050000,2100,20.846,88105.929,88193.046,6.803544092219018
2.1,area,0.050000,2400,21.225,88203.049,88288.614,6.70460234604106
2.1,area,0.050000,2700,21.289,88298.617,88383.913,6.737389411764707
2.1,area,0.050000,3000,21.190,88393.916,88479.626,6.689701461988299
2.1,area,0.060000,100,20.932,88489.631,88576.399,6.663873988439311
2.1,area,0.060000,400,21.185,88586.401,88672.129,6.684082748538015
2.1,area,0.060000,700,21.197,88682.131,88767.811,6.683038123167157
2.1,area,0.060000,1000,20.981,88777.814,88864.359,6.684475722543352
2.1,area,0.060000,1300,20.954,88874.362,88961.028,6.654577456647404
2.1,area,0.060000,1600,20.933,88971.030,89057.789,6.711698843930632
2.1,area,0.060000,1900,21.045,89067.791,89154.076,6.723989825581392
2.1,area,0.060000,2100,21.031,89164.078,89250.410,6.737584302325582
2.1,area,0.060000,2400,21.078,89260.412,89346.566,6.6907273255814
2.1,area,0.060000,2700,21.199,89356.568,89442.235,6.737480116959066
2.1,area,0.060000,3000,21.328,89452.237,89537.377,6.7109507374631265
2.1,area,0.070000,100,20.919,89547.381,89634.176,6.515247838616718
2.1,area,0.070000,400,21.280,89644.178,89729.522,6.409370588235299
2.1,area,0.070000,700,21.136,89739.524,89825.451,6.540463556851312
2.1,area,0.070000,1000,21.292,89835.454,89920.733,6.695137941176474
2.1,area,0.070000,1300,21.095,89930.735,90016.805,6.457548396501465
2.1,area,0.070000,1600,21.333,90026.807,90111.924,6.44976852941176
2.1,area,0.070000,1900,21.267,90121.927,90207.304,6.472944868035189
2.1,area,0.070000,2100,21.350,90217.335,90302.404,6.5218525073746285
2.1,area,0.070000,2400,21.316,90312.407,90397.594,6.48370823529412
2.1,area,0.070000,2700,21.218,90407.596,90493.176,6.471492082111437
2.1,area,0.070000,3000,21.385,90503.179,90588.098,6.464321533923305
2.1,area,0.080000,100,21.296,90598.101,90683.369,6.449615882352948
2.1,area,0.080000,400,21.309,90693.371,90778.603,6.431283235294114
2.1,area,0.080000,700,21.068,90788.605,90874.796,6.481702906976749
2.1,area,0.080000,1000,21.335,90884.798,90969.921,6.378913235294112
2.1,area,0.080000,1300,21.572,90979.923,91064.102,6.390546865671644
2.1,area,0.080000,1600,21.282,91074.104,91159.425,6.354021994134897
2.1,area,0.080000,1900,21.311,91169.427,91254.628,6.425615294117644
2.1,area,0.080000,2100,21.254,91264.630,91350.066,6.46169382352941
2.1,area,0.080000,2400,21.248,91360.069,91445.532,6.4698046920821115
2.1,area,0.080000,2700,21.193,91455.534,91541.222,6.421885964912276
2.1,area,0.080000,3000,21.394,91551.224,91636.110,6.427615339233036
2.1,area,0.090000,100,21.475,91646.113,91730.680,6.406278635014837
2.1,area,0.090000,400,21.264,91740.683,91826.080,6.462876832844574
2.1,area,0.090000,700,21.451,91836.082,91920.738,6.456960059171597
2.1,area,0.090000,1000,21.313,91930.740,92015.940,6.454077581120944
2.1,area,0.090000,1300,21.418,92025.942,92110.718,6.405692035398229
2.1,area,0.090000,1600,21.394,92120.720,92205.624,6.418137573964505
2.1,area,0.090000,1900,21.134,92215.626,92301.550,6.43109912536443
2.1,area,0.090000,2100,21.094,92311.553,92397.648,6.497999125364431
2.1,area,0.090000,2400,21.131,92407.651,92493.586,6.423161516034986
2.1,area,0.090000,2700,21.567,92503.589,92587.779,6.400965773809523
2.1,area,0.090000,3000,21.193,92597.781,92683.463,6.442486257309939
2.1,area,0.100000,100,21.647,92693.518,92777.395,6.392164776119402
2.1,area,0.100000,400,21.521,92787.398,92871.782,6.425930563798219
2.1,area,0.100000,700,21.375,92881.784,92966.759,6.4359687315634195
2.1,area,0.100000,1000,21.305,92976.761,93061.985,6.442653235294116
2.1,area,0.100000,1300,21.194,93071.987,93157.676,6.418781286549711
2.1,area,0.100000,1600,21.182,93167.679,93253.392,6.425363157894738
2.1,area,0.100000,1900,21.193,93263.394,93349.080,6.436426900584798
2.1,area,0.100000,2100,21.397,93359.082,93443.955,6.391097935103249
2.1,area,0.100000,2400,21.261,93453.957,93539.362,6.462736656891492
2.1,area,0.100000,2700,21.263,93549.364,93634.779,6.439323529411763
2.1,area,0.100000,3000,21.296,93644.782,93730.042,6.459895307917881
2.1,edge,0.000000,100,20.591,93740.045,93828.238,6.805658119658118
2.1,edge,0.000000,400,20.472,93838.241,93926.982,6.8529875706214725
2.1,edge,0.000000,700,20.158,93936.984,94027.056,6.818088022284127
2.1,edge,0.000000,1000,20.393,94037.059,94126.095,6.860212429378531
2.1,edge,0.000000,1300,20.365,94136.097,94225.257,6.857996067415735
2.1,edge,0.000000,1600,20.315,94235.259,94324.658,6.882221067415735
2.1,edge,0.000000,1900,20.338,94334.660,94423.967,6.882575561797756
2.1,edge,0.000000,2100,20.401,94433.969,94522.988,6.895753521126758
2.1,edge,0.000000,2400,20.247,94532.991,94622.708,6.8596568627451004
2.1,edge,0.000000,2700,20.211,94632.710,94722.578,6.901217597765359
2.1,edge,0.000000,3000,20.187,94732.581,94822.546,6.890452924791084
2.1,edge,0.000400,100,20.499,94832.550,94921.182,6.774344475920679
2.1,edge,0.000400,400,20.175,94931.184,95021.215,6.802722005571036
2.1,edge,0.000400,700,20.227,95031.217,95121.021,6.81944413407821
2.1,edge,0.000400,1000,20.066,95131.024,95221.547,6.842843213296395
2.1,edge,0.000400,1300,20.169,95231.549,95321.618,6.8420401114206095
2.1,edge,0.000400,1600,20.124,95331.620,95421.866,6.86168913649025
2.1,edge,0.000400,1900,20.164,95431.869,95521.952,6.848454038997214
2.1,edge,0.000400,2100,20.171,95531.955,95622.004,6.877374094707521
2.1,edge,0.000400,2400,20.210,95632.006,95721.848,6.871842458100558
2.1,edge,0.000400,2700,20.070,95731.851,95822.321,6.8900351800554
2.1,edge,0.000400,3000,19.953,95832.323,95923.347,6.877103030303031
2.1,edge,0.000800,100,20.141,95933.350,96023.514,6.7737757660167155
2.1,edge,0.000800,400,20.102,96033.517,96123.864,6.798086426592805
2.1,edge,0.000800,700,20.140,96133.866,96224.053,6.8183643454038965
2.1,edge,0.000800,1000,20.129,96234.056,96324.259,6.833789166666664
2.1,edge,0.000800,1300,20.083,96334.262,96424.714,6.862885277777784
2.1,edge,0.000800,1600,20.106,96434.717,96525.042,6.86098416666667
2.1,edge,0.000800,1900,20.001,96535.044,96625.828,6.8426720994475145
2.1,edge,0.000800,2100,20.045,96635.830,96726.440,6.862259002770086
2.1,edge,0.000800,2400,20.041,96736.442,96827.080,6.858720775623268
2.1,edge,0.000800,2700,19.939,96837.082,96928.167,6.852554269972453
2.1,edge,0.000800,3000,19.962,96938.170,97029.149,6.866899173553719
2.1,edge,0.001200,100,20.219,97039.152,97128.968,6.774452234636878
2.1,edge,0.001200,400,20.212,97138.970,97228.815,6.813602513966482
2.1,edge,0.001200,700,20.075,97238.817,97329.304,6.821381388888887
2.1,edge,0.001200,1000,18.573,97339.307,97456.009,6.7701890086206955
2.1,edge,0.001200,1300,18.577,97466.022,97563.881,7.036221593830334
2.1,edge,0.001200,1600,19.113,97573.887,97668.923,7.258338888888892
2.1,edge,0.001200,1900,19.289,97678.926,97773.071,7.190236533333333
2.1,edge,0.001200,2100,19.196,97783.074,97877.718,7.2252999999999945
2.1,edge,0.001200,2400,19.850,97887.721,97979.220,7.177466758241762
2.1,edge,0.001200,2700,19.739,97989.222,98081.248,7.113102997275207
2.1,edge,0.001200,3000,19.902,98091.250,98182.503,6.9683170798898075
2.1,edge,0.001600,100,19.941,98192.506,98283.561,6.826832506887058
2.1,edge,0.001600,400,19.632,98293.563,98386.120,6.825591869918696
2.1,edge,0.001600,700,20.008,98396.123,98486.875,6.863236740331492
2.1,edge,0.001600,1000,20.028,98496.878,98587.592,6.858840055248621
2.1,edge,0.001600,1300,19.982,98597.595,98688.482,6.868243526170795
2.1,edge,0.001600,1600,19.813,98698.484,98790.145,6.871381643835623
2.1,edge,0.001600,1900,19.875,98800.148,98891.519,6.863390384615385
2.1,edge,0.001600,2100,19.752,98901.522,98993.468,6.875374114441413
2.1,edge,0.001600,2400,19.884,99003.471,99094.783,6.826436538461544
2.1,edge,0.001600,2700,19.817,99104.785,99196.424,6.806771506849311
2.1,edge,0.001600,3000,19.800,99206.426,99298.141,6.843020218579231
2.1,edge,0.002000,100,19.680,99308.144,99400.401,6.767569209809263
2.1,edge,0.002000,400,19.669,99410.403,99502.731,6.812421467391306
2.1,edge,0.002000,700,19.624,99512.733,99605.267,6.841414363143634
2.1,edge,0.002000,1000,19.643,99615.269,99707.713,6.808173170731706
2.1,edge,0.002000,1300,19.594,99717.715,99810.394,6.849014363143638
2.1,edge,0.002000,1600,19.587,99820.396,99913.099,6.852456486486492
2.1,edge,0.002000,1900,19.808,99923.102,100014.782,6.859040273972606
2.1,edge,0.002000,2100,19.687,100024.784,100117.019,6.790954347826086
2.1,edge,0.002000,2400,19.529,100127.022,100220.041,6.823622641509436
2.1,edge,0.002000,2700,19.583,100230.044,100322.780,6.837774796747965
2.1,edge,0.002000,3000,19.591,100332.782,100425.472,6.869032432432426
2.1,edge,0.002400,100,19.541,100435.476,100528.408,6.812459189189193
2.1,edge,0.002400,400,19.634,100538.411,100630.907,6.829649051490515
2.1,edge,0.002400,700,19.452,100640.909,100734.258,6.822300537634408
2.1,edge,0.002400,1000,19.447,100744.261,100837.621,6.830859249329765
2.1,edge,0.002400,1300,19.581,100847.624,100940.368,6.8075260162601605
2.1,edge,0.002400,1600,19.366,100950.370,101044.126,6.874590641711235
2.1,edge,0.002400,1900,19.446,101054.129,101147.512,6.8939077956989285
2.1,edge,0.002400,2100,19.448,101157.514,101250.896,6.847947043010754
2.1,edge,0.002400,2400,19.284,101260.898,101355.062,6.8557646276595765
2.1,edge,0.002400,2700,19.558,101365.065,101457.916,6.812738378378375
2.1,edge,0.002400,3000,19.515,101467.918,101560.966,6.8513657681940705
2.1,edge,0.002800,100,19.157,101570.970,101665.762,6.789569576719582
2.1,edge,0.002800,400,19.196,101675.765,101770.372,6.828349336870026
2.1,edge,0.002800,700,19.167,101780.374,101875.126,6.8267407407407354
2.1,edge,0.002800,1000,19.229,101885.128,101979.613,6.872631648936169
2.1,edge,0.002800,1300,19.204,101989.617,102084.182,6.8810618037135365
2.1,edge,0.002800,1600,19.194,102094.184,102188.794,6.831742705570293
2.1,edge,0.002800,1900,19.173,102198.797,102293.514,6.879416402116397
2.1,edge,0.002800,2100,19.011,102303.517,102399.031,6.816492125984259
2.1,edge,0.002800,2400,19.170,102409.033,102503.759,6.826688095238098
2.1,edge,0.002800,2700,19.049,102513.762,102609.098,6.879281578947374
2.1,edge,0.002800,3000,19.310,102619.101,102713.163,6.863104533333337
2.1,edge,0.003200,100,18.909,102723.166,102819.212,6.825787989556136
2.1,edge,0.003200,400,19.063,102829.215,102924.464,6.828012401055408
2.1,edge,0.003200,700,18.909,102934.466,103030.511,6.8322263707571835
2.1,edge,0.003200,1000,19.067,103040.514,103135.758,6.856163157894737
2.1,edge,0.003200,1300,18.827,103145.760,103242.228,6.815747135416668
2.1,edge,0.003200,1600,19.011,103252.236,103347.742,6.853468684210528
2.1,edge,0.003200,1900,18.951,103357.745,103453.579,6.859023036649218
2.1,edge,0.003200,2100,18.835,103463.581,103559.993,6.8855605194805145
2.1,edge,0.003200,2400,19.019,103569.995,103665.476,6.84403254593176
2.1,edge,0.003200,2700,18.944,103675.479,103771.333,6.883535863874347
2.1,edge,0.003200,3000,18.947,103781.336,103877.175,6.845150261780106
2.1,edge,0.003600,100,18.943,103887.179,103983.042,6.855562303664921
2.1,edge,0.003600,400,18.791,103993.045,104089.674,6.806446891191706
2.1,edge,0.003600,700,18.812,104099.677,104196.211,6.8656955844155805
2.1,edge,0.003600,1000,18.883,104206.214,104302.387,6.845656919060056
2.1,edge,0.003600,1300,18.969,104312.390,104408.117,6.850670157068064
2.1,edge,0.003600,1600,18.933,104418.120,104514.042,6.891935340314131
2.1,edge,0.003600,1900,18.891,104524.045,104620.176,6.837911227154047
2.1,edge,0.003600,2100,18.973,104630.179,104725.884,6.8425717277486875
2.1,edge,0.003600,2400,18.816,104735.887,104832.385,6.880406233766229
2.1,edge,0.003600,2700,18.731,104842.389,104939.321,6.843305181347147
2.1,edge,0.003600,3000,18.860,104949.324,105045.594,6.828145833333331
2.1,edge,0.004000,100,18.871,105055.597,105151.830,6.84740208877284
2.1,edge,0.004000,400,18.770,105161.832,105258.591,6.872041709844563
2.1,edge,0.004000,700,18.778,105268.594,105365.293,6.854967357512953
2.1,edge,0.004000,1000,18.655,105375.295,105472.643,6.865460051546389
2.1,edge,0.004000,1300,18.721,105482.646,105579.640,6.86641421188631
2.1,edge,0.004000,1600,18.875,105589.642,105685.853,6.851063446475197
2.1,edge,0.004000,1900,18.897,105695.856,105791.940,6.831793472584859
2.1,edge,0.004000,2100,18.585,105801.943,105899.654,6.819844871794875
2.1,edge,0.004000,2400,18.729,105909.657,106006.601,6.844405181347152
2.1,edge,0.004000,2700,18.721,106016.603,106113.596,6.835201808785529
2.1,edge,0.004000,3000,18.738,106123.599,106220.500,6.885718911917101
2.4,pixel,0.000000,100,22.694,106230.516,106310.558,6.763650312499996
2.4,pixel,0.000000,400,22.405,106320.560,106401.606,6.854230246913579
2.4,pixel,0.000000,700,22.305,106411.608,106493.023,6.923107098765431
2.4,pixel,0.000000,1000,22.340,106503.025,106584.342,6.9411586419753135
2.4,pixel,0.000000,1300,22.382,106594.344,106675.513,6.968894753086418
2.4,pixel,0.000000,1600,22.182,106685.515,106767.389,6.947324770642214
2.4,pixel,0.000000,1900,22.228,106777.391,106859.107,6.992693865030675
2.4,pixel,0.000000,2100,21.021,106869.109,106961.329,7.169480163043475
2.4,pixel,0.000000,2400,20.642,106971.370,107065.406,7.355229144385027
2.4,pixel,0.000000,2700,21.571,107075.446,107159.635,7.6837683582089555
2.4,pixel,0.000000,3000,21.261,107169.637,107255.062,7.657622580645161
2.4,pixel,0.010000,100,21.971,107265.066,107347.754,7.469196960486318
2.4,pixel,0.010000,400,21.692,107357.756,107441.532,7.492513173652699
2.4,pixel,0.010000,700,22.188,107451.537,107533.411,7.1145125766871145
2.4,pixel,0.010000,1000,22.209,107543.413,107625.166,7.164455963302749
2.4,pixel,0.010000,1300,22.214,107635.168,107716.949,7.208871472392629
2.4,pixel,0.010000,1600,22.091,107726.951,107809.222,7.236413414634142
2.4,pixel,0.010000,1900,22.077,107819.224,107901.482,7.172860365853665
2.4,pixel,0.010000,2100,21.916,107911.483,107994.336,7.193184242424242
2.4,pixel,0.010000,2400,21.950,108004.338,108087.130,7.1995096969696935
2.4,pixel,0.010000,2700,21.981,108097.132,108179.745,7.197251818181824
2.4,pixel,0.010000,3000,22.067,108189.747,108272.072,7.2434905487804935
2.4,pixel,0.020000,100,22.197,108282.075,108363.885,7.065686809815951
2.4,pixel,0.020000,400,22.357,108373.886,108455.102,7.120020370370371
2.4,pixel,0.020000,700,22.294,108465.104,108546.580,7.138743384615384
2.4,pixel,0.020000,1000,22.168,108556.582,108638.491,7.141939755351683
2.4,pixel,0.020000,1300,22.176,108648.493,108730.390,7.131522018348624
2.4,pixel,0.020000,1600,22.135,108740.391,108822.427,7.166920245398775
2.4,pixel,0.020000,1900,21.947,108832.429,108915.175,7.2130438066465254
2.4,pixel,0.020000,2100,21.913,108925.177,109008.046,7.207055454545448
2.4,pixel,0.020000,2400,21.707,109018.048,109101.742,7.193691317365269
2.4,pixel,0.020000,2700,21.801,109111.744,109195.052,7.212476506024103
2.4,pixel,0.020000,3000,21.927,109205.054,109287.875,7.233207575757576
2.4,pixel,0.030000,100,21.892,109297.878,109380.828,7.113969486404831
2.4,pixel,0.030000,400,21.585,109390.830,109474.955,7.267882738095233
2.4,pixel,0.030000,700,22.053,109484.957,109567.328,7.107477439024391
2.4,pixel,0.030000,1000,22.096,109577.330,109659.514,7.088712804878053
2.4,pixel,0.030000,1300,21.997,109669.516,109752.060,7.124438181818183
2.4,pixel,0.030000,1600,22.114,109762.062,109844.192,7.176442813455656
2.4,pixel,0.030000,1900,21.968,109854.195,109936.860,7.137473030303035
2.4,pixel,0.030000,2100,22.077,109946.862,110029.105,7.179512195121953
2.4,pixel,0.030000,2400,22.067,110039.107,110121.402,7.184227743902437
2.4,pixel,0.030000,2700,21.936,110131.404,110214.176,7.19192060606061
2.4,pixel,0.030000,3000,21.845,110224.178,110307.305,7.172612349397593
2.4,pixel,0.040000,100,22.145,110317.307,110399.325,7.0662712538226335
2.4,pixel,0.040000,400,22.064,110409.327,110491.631,7.057576829268289
2.4,pixel,0.040000,700,22.116,110501.633,110583.736,7.058089939024393
2.4,pixel,0.040000,1000,22.080,110593.738,110675.978,7.091182317073175
2.4,pixel,0.040000,1300,22.032,110685.981,110768.415,7.1129750759878485
2.4,pixel,0.040000,1600,21.931,110778.418,110861.219,7.139881515151515
2.4,pixel,0.040000,1900,21.963,110871.221,110953.901,7.12691363636364
2.4,pixel,0.040000,2100,21.920,110963.903,111046.744,7.181386706948638
2.4,pixel,0.040000,2400,21.928,111056.746,111139.581,6.9186006060606084
2.4,pixel,0.040000,2700,21.968,111149.583,111232.247,6.980750909090902
2.4,pixel,0.040000,3000,21.812,111242.249,111325.505,6.916377409638552
2.4,pixel,0.050000,100,22.026,111335.508,111417.968,6.857139513677816
2.4,pixel,0.050000,400,22.077,111427.970,111510.243,6.861742073170731
2.4,pixel,0.050000,700,22.085,111520.245,111602.467,6.944524695121956
2.4,pixel,0.050000,1000,22.073,111612.469,111694.756,6.917894528875383
2.4,pixel,0.050000,1300,22.106,111704.758,111786.924,6.985593902439029
2.4,pixel,0.050000,1600,21.995,111796.926,111879.487,6.838592705167173
2.4,pixel,0.050000,1900,21.931,111889.489,111972.315,6.889584242424247
2.4,pixel,0.050000,2100,21.945,111982.317,112065.084,6.880319393939399
2.4,pixel,0.050000,2400,21.972,112075.086,112157.733,6.85806696969697
2.4,pixel,0.050000,2700,22.018,112167.734,112250.236,6.906975683890576
2.4,pixel,0.050000,3000,22.010,112260.238,112342.734,6.906632727272726
2.4,pixel,0.060000,100,22.034,112352.736,112435.145,6.901177134146348
2.4,pixel,0.060000,400,22.203,112445.147,112526.935,6.87176146788991
2.4,pixel,0.060000,700,21.998,112536.937,112619.496,6.838302127659572
2.4,pixel,0.060000,1000,21.832,112629.498,112712.685,6.851990662650607
2.4,pixel,0.060000,1300,22.010,112722.687,112805.190,6.903838601823706
2.4,pixel,0.060000,1600,22.059,112815.192,112897.518,6.8539924012158036
2.4,pixel,0.060000,1900,21.991,112907.520,112990.094,6.856961702127661
2.4,pixel,0.060000,2100,21.938,113000.096,113082.869,6.84399909365559
2.4,pixel,0.060000,2400,22.059,113092.871,113175.197,6.931417073170728
2.4,pixel,0.060000,2700,22.155,113185.199,113267.157,6.892275840978593
2.4,pixel,0.060000,3000,22.091,113277.159,113359.356,7.024384146341461
2.4,pixel,0.070000,100,22.095,113369.359,113451.547,6.863979573170728
2.4,pixel,0.070000,400,22.112,113461.549,113543.670,6.967574695121952
2.4,pixel,0.070000,700,21.957,113553.672,113636.371,6.882501212121214
2.4,pixel,0.070000,1000,22.054,113646.373,113728.707,6.896737804878047
2.4,pixel,0.070000,1300,21.980,113738.709,113821.324,6.884824242424243
2.4,pixel,0.070000,1600,21.901,113831.326,113914.238,7.094891212121216
2.4,pixel,0.070000,1900,22.053,113924.240,114006.578,6.919055182926828
2.4,pixel,0.070000,2100,21.901,114016.580,114099.492,6.893338972809659
2.4,pixel,0.070000,2400,21.925,114109.494,114192.317,6.945216969696966
2.4,pixel,0.070000,2700,21.968,114202.319,114284.985,6.888312727272728
2.4,pixel,0.070000,3000,21.993,114294.986,114377.552,6.97673282674772
2.4,pixel,0.080000,100,21.461,114387.554,114472.168,7.086015680473378
2.4,pixel,0.080000,400,21.945,114482.185,114564.933,7.199353636363635
2.4,pixel,0.080000,700,22.086,114574.935,114657.161,7.148554878048781
2.4,pixel,0.080000,1000,22.159,114667.163,114749.111,7.144610397553513
2.4,pixel,0.080000,1300,22.067,114759.113,114841.403,7.13184498480243
2.4,pixel,0.080000,1600,21.916,114851.405,114934.259,7.127564954682777
2.4,pixel,0.080000,1900,21.805,114944.261,115027.538,7.141563363363359
2.4,pixel,0.080000,2100,22.064,115037.540,115119.840,7.158796951219508
2.4,pixel,0.080000,2400,21.979,115129.842,115212.460,7.17094212121212
2.4,pixel,0.080000,2700,21.985,115222.462,115305.059,7.1447161094224905
2.4,pixel,0.080000,3000,22.142,115315.061,115397.073,7.098861280487814
2.4,pixel,0.090000,100,22.018,115407.076,115489.546,7.106499392097265
2.4,pixel,0.090000,400,22.130,115499.548,115581.606,7.085111620795109
2.4,pixel,0.090000,700,22.007,115591.608,115674.121,7.092810000000003
2.4,pixel,0.090000,1000,21.945,115684.123,115766.866,7.130170606060597
2.4,pixel,0.090000,1300,22.064,115776.868,115859.168,7.109244512195126
2.4,pixel,0.090000,1600,22.093,115869.169,115951.360,7.10999451219513
2.4,pixel,0.090000,1900,21.873,115961.362,116044.382,7.119661144578309
2.4,pixel,0.090000,2100,22.090,116054.384,116136.590,7.119624085365852
2.4,pixel,0.090000,2400,22.042,116146.592,116228.974,7.124578419452892
2.4,pixel,0.090000,2700,22.023,116238.976,116321.426,7.126078723404252
2.4,pixel,0.090000,3000,22.043,116331.428,116413.801,7.131178048780494
2.4,pixel,0.100000,100,22.077,116423.804,116506.062,7.111294832826745
2.4,pixel,0.100000,400,22.120,116516.066,116598.161,7.103985060975607
2.4,pixel,0.100000,700,22.045,116608.163,116690.534,7.135267682926832
2.4,pixel,0.100000,1000,21.987,116700.535,116783.116,7.080363333333331
2.4,pixel,0.100000,1300,22.073,116793.118,116875.381,7.141989634146349
2.4,pixel,0.100000,1600,21.968,116885.383,116968.043,7.049494848484838
2.4,pixel,0.100000,1900,21.936,116978.045,117060.823,7.126064545454543
2.4,pixel,0.100000,2100,22.009,117070.825,117153.326,7.118748936170207
2.4,pixel,0.100000,2400,22.140,117163.328,117245.349,7.099951681957193
2.4,pixel,0.100000,2700,22.020,117255.351,117337.812,7.120937386018237
2.4,pixel,0.100000,3000,22.100,117347.814,117429.986,7.0974435975609795
2.4,area,0.000000,100,21.938,117439.989,117522.765,7.6094581818181775
2.4,area,0.000000,400,21.836,117532.778,117615.952,7.672818674698793
2.4,area,0.000000,700,21.754,117625.954,117709.428,7.744378378378383
2.4,area,0.000000,1000,21.542,117719.430,117803.729,7.663454166666668
2.4,area,0.000000,1300,21.381,117813.731,117898.669,7.504442899408285
2.4,area,0.000000,1600,21.339,117908.671,117993.779,7.4619194690265465
2.4,area,0.000000,1900,21.256,118003.781,118089.228,7.564209677419359
2.4,area,0.000000,2100,21.409,118099.230,118184.099,7.545646745562128
2.4,area,0.000000,2400,21.287,118194.102,118279.399,7.515030294117641
2.4,area,0.000000,2700,21.373,118289.401,118374.384,7.533099112426036
2.4,area,0.000000,3000,21.270,118384.386,118469.797,7.494963929618772
2.4,area,0.010000,100,21.684,118479.801,118563.553,7.284979041916167
2.4,area,0.010000,400,21.840,118573.555,118656.709,7.321154518072295
2.4,area,0.010000,700,21.684,118666.710,118750.467,7.341310479041917
2.4,area,0.010000,1000,21.468,118760.469,118845.064,7.325703560830859
2.4,area,0.010000,1300,21.551,118855.066,118939.342,7.374048511904758
2.4,area,0.010000,1600,21.418,118949.344,119034.137,7.35896094674556
2.4,area,0.010000,1900,21.468,119044.139,119128.734,7.389419881305641
2.4,area,0.010000,2100,21.530,119138.735,119223.076,7.3674908011869435
2.4,area,0.010000,2400,21.527,119233.078,119317.449,7.369138095238094
2.4,area,0.010000,2700,21.342,119327.451,119412.547,7.372002058823531
2.4,area,0.010000,3000,21.327,119422.549,119507.704,7.41484896755162
2.4,area,0.020000,100,21.816,119517.708,119600.952,7.232966265060248
2.4,area,0.020000,400,21.517,119610.954,119695.343,7.2568623145400615
2.4,area,0.020000,700,21.632,119705.345,119789.318,7.193362089552236
2.4,area,0.020000,1000,21.689,119799.320,119883.046,7.24451616766467
2.4,area,0.020000,1300,21.586,119893.048,119977.175,7.241354328358208
2.4,area,0.020000,1600,21.500,119987.177,120071.639,7.238541543026708
2.4,area,0.020000,1900,21.458,120081.641,120166.269,7.295972189349113
2.4,area,0.020000,2100,21.637,120176.271,120260.234,7.340264970059885
2.4,area,0.020000,2400,21.602,120270.236,120354.303,7.31519613095238
2.4,area,0.020000,2700,21.466,120364.305,120448.897,7.320479821958465
2.4,area,0.020000,3000,21.361,120458.899,120543.951,7.277526548672572
2.4,area,0.030000,100,21.808,120553.953,120637.212,7.1902090361445845
2.4,area,0.030000,400,21.638,120647.214,120731.142,7.200682388059696
2.4,area,0.030000,700,21.612,120741.143,120825.166,7.186526567164179
2.4,area,0.030000,1000,21.478,120835.168,120919.724,7.235722255192881
2.4,area,0.030000,1300,21.612,120929.726,121013.750,7.26246190476191
2.4,area,0.030000,1600,21.739,121023.752,121107.286,7.261932732732729
2.4,area,0.030000,1900,21.504,121117.288,121201.742,7.284166369047623
2.4,area,0.030000,2100,21.651,121211.744,121295.615,7.226626268656715
2.4,area,0.030000,2400,21.663,121305.617,121389.433,7.236637724550895
2.4,area,0.030000,2700,21.401,121399.435,121484.293,7.285147492625367
2.4,area,0.030000,3000,21.593,121494.295,121578.404,7.264485074626868
2.4,area,0.040000,100,21.763,121588.407,121671.843,7.124747747747753
2.4,area,0.040000,400,21.809,121681.845,121765.117,7.21588795180723
2.4,area,0.040000,700,21.541,121775.119,121859.417,7.20370000000001
2.4,area,0.040000,1000,21.518,121869.419,121953.813,7.214089614243321
2.4,area,0.040000,1300,21.622,121963.814,122047.788,7.212258507462681
2.4,area,0.040000,1600,21.553,122057.790,122142.046,7.216649107142861
2.4,area,0.040000,1900,21.577,122152.048,122236.203,7.221357142857142
2.4,area,0.040000,2100,21.457,122246.205,122330.836,7.227372485207104
2.4,area,0.040000,2400,21.635,122340.838,122424.770,7.272231437125752
2.4,area,0.040000,2700,21.547,122434.772,122519.060,7.209062202380956
2.4,area,0.040000,3000,21.584,122529.062,122613.183,7.1830264880952415
2.4,area,0.050000,100,21.767,122623.186,122706.606,7.18726426426426
2.4,area,0.050000,400,21.846,122716.608,122799.737,7.16503655589124
2.4,area,0.050000,700,21.677,122809.739,122893.551,7.175415223880594
2.4,area,0.050000,1000,21.437,122903.553,122988.265,7.196121893491121
2.4,area,0.050000,1300,21.489,122998.267,123082.772,7.190489020771514
2.4,area,0.050000,1600,21.687,123092.774,123176.520,7.2124508982035875
2.4,area,0.050000,1900,21.574,123186.523,123270.708,7.216203273809528
2.4,area,0.050000,2100,21.850,123280.710,123363.851,7.187527710843375
2.4,area,0.050000,2400,21.502,123373.855,123458.311,7.243810979228489
2.4,area,0.050000,2700,21.607,123468.314,123552.355,7.1963770149253765
2.4,area,0.050000,3000,21.564,123562.358,123646.567,7.191608928571427
2.4,area,0.060000,100,21.747,123656.570,123740.074,7.156352095808384
2.4,area,0.060000,400,21.589,123750.076,123834.200,7.1719746268656746
2.4,area,0.060000,700,21.746,123844.202,123927.710,7.1544195195195215
2.4,area,0.060000,1000,21.420,123937.712,124022.486,7.189438938053099
2.4,area,0.060000,1300,21.762,124032.488,124115.933,7.2301021021021
2.4,area,0.060000,1600,21.638,124125.935,124209.855,7.247255522388069
2.4,area,0.060000,1900,21.823,124219.857,124303.070,7.157046246246254
2.4,area,0.060000,2100,21.780,124313.074,124396.453,7.216419277108438
2.4,area,0.060000,2400,21.829,124406.455,124489.654,7.17513313253012
2.4,area,0.060000,2700,21.546,124499.656,124583.950,7.193621364985167
2.4,area,0.060000,3000,21.618,124593.952,124677.960,7.197630447761192
2.4,area,0.070000,100,21.868,124687.964,124771.011,7.171481570996985
2.4,area,0.070000,400,21.811,124781.012,124864.281,7.182957831325299
2.4,area,0.070000,700,21.719,124874.283,124957.898,7.131964371257487
2.4,area,0.070000,1000,21.788,124967.900,125051.255,7.194652108433727
2.4,area,0.070000,1300,21.668,125061.257,125145.053,7.187520597014921
2.4,area,0.070000,1600,21.763,125155.055,125238.493,7.195297891566263
2.4,area,0.070000,1900,21.515,125248.495,125332.910,7.194621130952385
2.4,area,0.070000,2100,21.513,125342.912,125427.333,7.200169732937684
2.4,area,0.070000,2400,21.838,125437.335,125520.492,7.214718373493979
2.4,area,0.070000,2700,21.720,125530.494,125614.104,7.2005458083832465
2.4,area,0.070000,3000,21.756,125624.106,125707.609,7.213059459459458
2.4,area,0.080000,100,21.436,125717.613,125802.326,7.233797337278104
2.4,area,0.080000,400,21.628,125812.328,125896.278,7.223781791044772
2.4,area,0.080000,700,21.848,125906.280,125989.396,7.22098610271904
2.4,area,0.080000,1000,21.713,125999.398,126083.025,7.183786526946105
2.4,area,0.080000,1300,21.728,126093.027,126176.598,7.146730239520959
2.4,area,0.080000,1600,21.837,126186.600,126269.755,7.195161933534747
2.4,area,0.080000,1900,21.648,126279.757,126363.650,7.190457313432834
2.4,area,0.080000,2100,21.761,126373.653,126457.104,7.177900300300305
2.4,area,0.080000,2400,21.650,126467.106,126550.982,7.21233383233533
2.4,area,0.080000,2700,21.666,126560.984,126644.808,7.197144910179636
2.4,area,0.080000,3000,21.453,126654.810,126739.468,7.1996319526627275
2.4,area,0.090000,100,21.748,126749.471,126832.962,7.201183483483483
2.4,area,0.090000,400,21.632,126842.964,126926.906,7.192802985074629
2.4,area,0.090000,700,21.667,126936.908,127020.706,7.186156287425151
2.4,area,0.090000,1000,21.777,127030.708,127114.101,7.1704609609609635
2.4,area,0.090000,1300,21.800,127124.103,127207.412,7.192369277108434
2.4,area,0.090000,1600,21.805,127217.414,127300.695,7.224578678678682
2.4,area,0.090000,1900,21.718,127310.697,127394.297,7.211048948948952
2.4,area,0.090000,2100,21.487,127404.299,127488.823,7.204303857566766
2.4,area,0.090000,2400,21.721,127498.826,127582.427,7.213193113772457
2.4,area,0.090000,2700,21.829,127592.429,127675.607,7.201683734939762
2.4,area,0.090000,3000,21.707,127685.609,127769.251,7.17524444444445
2.4,area,0.100000,100,21.838,127779.254,127862.401,7.173559337349391
2.4,area,0.100000,400,21.796,127872.403,127955.740,7.207577477477472
2.4,area,0.100000,700,21.712,127965.742,128049.393,7.177565269461079
2.4,area,0.100000,1000,21.649,128059.395,128143.286,7.19505688622754
2.4,area,0.100000,1300,21.799,128153.288,128236.604,7.179083433734935
2.4,area,0.100000,1600,21.692,128246.606,128330.320,7.227140298507468
2.4,area,0.100000,1900,21.507,128340.322,128424.766,7.198047023809527
2.4,area,0.100000,2100,21.688,128434.768,128518.503,7.21298089552239
2.4,area,0.100000,2400,21.424,128528.505,128613.263,7.183615680473368
2.4,area,0.100000,2700,21.624,128623.267,128707.239,7.198287462686568
2.4,area,0.100000,3000,21.678,128717.241,128800.995,7.205596706586824
2.4,edge,0.000000,100,20.658,128810.997,128898.924,7.594565428571433
2.4,edge,0.000000,400,20.760,128908.926,128996.406,7.630663037249276
2.4,edge,0.000000,700,20.699,129006.408,129094.143,7.684671428571426
2.4,edge,0.000000,1000,20.577,129104.145,129192.408,7.6783341880341895
2.4,edge,0.000000,1300,20.409,129202.411,129291.389,7.656857746478865
2.4,edge,0.000000,1600,20.508,129301.391,129389.964,7.66003456090652
2.4,edge,0.000000,1900,20.455,129399.966,129488.754,7.652411581920905
2.4,edge,0.000000,2100,20.289,129498.756,129588.272,7.661751260504205
2.4,edge,0.000000,2400,20.441,129598.274,129687.115,7.67886610169492
2.4,edge,0.000000,2700,20.506,129697.117,129785.684,7.706568181818178
2.4,edge,0.000000,3000,20.452,129795.686,129884.502,7.68170282485876
2.4,edge,0.000400,100,20.515,129894.505,129983.027,7.571158923512756
2.4,edge,0.000400,400,20.271,129993.029,130082.659,7.592133893557429
2.4,edge,0.000400,700,20.517,130092.662,130181.210,7.65776430594901
2.4,edge,0.000400,1000,20.385,130191.212,130280.301,7.639259154929576
2.4,edge,0.000400,1300,20.263,130290.303,130379.949,7.672927653631287
2.4,edge,0.000400,1600,20.333,130389.951,130479.247,7.689124507042255
2.4,edge,0.000400,1900,20.359,130489.249,130578.497,7.6535171348314615
2.4,edge,0.000400,2100,20.233,130588.499,130678.276,7.665349579831936
2.4,edge,0.000400,2400,20.167,130688.279,130778.349,7.6870849582172704
2.4,edge,0.000400,2700,20.236,130788.351,130878.100,7.691539215686272
2.4,edge,0.000400,3000,20.299,130888.102,130977.547,7.668721848739495
2.4,edge,0.000800,100,20.349,130987.550,131076.798,7.547824719101121
2.4,edge,0.000800,400,20.417,131086.801,131175.742,7.589381073446328
2.4,edge,0.000800,700,20.398,131185.745,131274.784,7.629480000000003
2.4,edge,0.000800,1000,20.175,131284.787,131374.820,7.615904178272977
2.4,edge,0.000800,1300,20.183,131384.822,131474.854,7.633862116991643
2.4,edge,0.000800,1600,20.084,131484.861,131575.314,7.626174722222219
2.4,edge,0.000800,1900,20.349,131585.316,131674.573,7.645983146067418
2.4,edge,0.000800,2100,20.131,131684.576,131774.838,7.66622944444445
2.4,edge,0.000800,2400,20.299,131784.840,131874.306,7.7084483146067395
2.4,edge,0.000800,2700,20.245,131884.308,131974.013,7.664046089385478
2.4,edge,0.000800,3000,20.145,131984.015,132074.167,7.691577158774371
2.4,edge,0.001200,100,20.426,132084.172,132173.075,7.6027214689265525
2.4,edge,0.001200,400,20.214,132183.077,132272.914,7.62114525139665
2.4,edge,0.001200,700,20.360,132282.916,132372.125,7.6479735955056185
2.4,edge,0.001200,1000,20.198,132382.127,132472.056,7.653851810584958
2.4,edge,0.001200,1300,20.258,132482.058,132571.697,7.69182801120448
2.4,edge,0.001200,1600,20.251,132581.699,132671.401,7.699617039106147
2.4,edge,0.001200,1900,20.122,132681.403,132771.638,7.65587270194987
2.4,edge,0.001200,2100,20.171,132781.640,132871.689,7.723429805013934
2.4,edge,0.001200,2400,20.020,132881.691,132972.430,7.664399171270715
2.4,edge,0.001200,2700,20.102,132982.432,133072.781,7.6612800000000005
2.4,edge,0.001200,3000,20.178,133082.784,133172.794,7.650487743732581
2.4,edge,0.001600,100,20.113,133182.797,133273.092,7.566570833333336
2.4,edge,0.001600,400,20.131,133283.097,133373.311,7.6212225626740935
2.4,edge,0.001600,700,20.160,133383.313,133473.396,7.66183472222222
2.4,edge,0.001600,1000,20.142,133483.398,133573.565,7.616934999999997
2.4,edge,0.001600,1300,19.923,133583.567,133674.725,7.674953994490358
2.4,edge,0.001600,1600,19.904,133684.728,133775.973,7.659478296703294
2.4,edge,0.001600,1900,19.941,133785.976,133877.048,7.676486225895315
2.4,edge,0.001600,2100,20.006,133887.051,133977.826,7.7087422651933695
2.4,edge,0.001600,2400,19.922,133987.828,134078.993,7.671653168044079
2.4,edge,0.001600,2700,19.892,134088.996,134180.309,7.668103571428576
2.4,edge,0.001600,3000,19.931,134190.313,134281.423,7.669473553719014
2.4,edge,0.002000,100,19.538,134291.426,134384.358,7.633164150943397
2.4,edge,0.002000,400,19.587,134394.360,134487.077,7.634068021680215
2.4,edge,0.002000,700,19.591,134497.079,134589.761,7.653853783783785
2.4,edge,0.002000,1000,19.691,134599.763,134691.981,7.635826702997283
2.4,edge,0.002000,1300,19.548,134701.983,134794.878,7.638375471698117
2.4,edge,0.002000,1600,19.661,134804.880,134897.226,7.662356249999999
2.4,edge,0.002000,1900,19.571,134907.229,135000.002,7.6973008130081295
2.4,edge,0.002000,2100,19.614,135010.046,135102.636,7.687004076086962
2.4,edge,0.002000,2400,19.495,135112.639,135205.772,7.6827642473118205
2.4,edge,0.002000,2700,19.627,135215.774,135308.302,7.7019647696477005
2.4,edge,0.002000,3000,19.473,135318.304,135411.561,7.6634099730458285
2.4,edge,0.002400,100,19.374,135421.564,135515.306,7.67191096256685
2.4,edge,0.002400,400,19.467,135525.308,135618.589,7.6631481182795715
2.4,edge,0.002400,700,19.170,135628.592,135723.324,7.689823076923073
2.4,edge,0.002400,1000,19.250,135733.326,135827.662,7.677366489361698
2.4,edge,0.002400,1300,19.258,135837.664,135931.960,7.674586968085106
2.4,edge,0.002400,1600,19.248,135941.963,136036.306,7.700411968085111
2.4,edge,0.002400,1900,19.423,136046.308,136139.807,7.695822520107233
2.4,edge,0.002400,2100,19.061,136149.809,136245.078,7.707894210526319
2.4,edge,0.002400,2400,19.330,136255.080,136349.029,7.708425668449199
2.4,edge,0.002400,2700,19.317,136359.031,136453.043,7.711849599999995
2.4,edge,0.002400,3000,19.171,136463.047,136557.776,7.654945502645498
2.4,edge,0.002800,100,19.091,136567.779,136662.897,7.6675997361477615
2.4,edge,0.002800,400,19.138,136672.900,136767.787,7.671506613756616
2.4,edge,0.002800,700,19.155,136777.790,136872.596,7.700244708994708
2.4,edge,0.002800,1000,18.751,136882.598,136979.426,7.724237305699474
2.4,edge,0.002800,1300,19.093,136989.429,137084.547,7.739196042216355
2.4,edge,0.002800,1600,18.890,137094.549,137190.667,7.72990338541667
2.4,edge,0.002800,1900,18.967,137200.670,137296.409,7.718819371727753
2.4,edge,0.002800,2100,18.848,137306.411,137402.754,7.7221278645833245
2.4,edge,0.002800,2400,19.020,137412.756,137508.218,7.727448293963258
2.4,edge,0.002800,2700,18.920,137518.220,137614.205,7.751683289817229
2.4,edge,0.002800,3000,19.112,137624.207,137719.211,7.754056084656087
2.4,edge,0.003200,100,18.664,137729.213,137826.502,7.706805154639174
2.4,edge,0.003200,400,18.837,137836.506,137932.892,7.700598958333326
2.4,edge,0.003200,700,18.634,137942.894,138040.357,7.749923195876292
2.4,edge,0.003200,1000,18.814,138050.359,138146.893,7.737569610389618
2.4,edge,0.003200,1300,18.580,138156.896,138254.614,7.750233589743584
2.4,edge,0.003200,1600,18.753,138264.616,138361.454,7.733585751295334
2.4,edge,0.003200,1900,18.841,138371.456,138467.839,7.709202604166667
2.4,edge,0.003200,2100,18.737,138477.841,138574.756,7.7241686528497375
2.4,edge,0.003200,2400,18.937,138584.759,138680.651,7.744189528795817
2.4,edge,0.003200,2700,18.652,138690.654,138788.002,7.693851030927833
2.4,edge,0.003200,3000,18.749,138798.005,138894.867,7.708685233160627
2.4,edge,0.003600,100,18.533,138904.870,139002.863,7.712779283887468
2.4,edge,0.003600,400,18.765,139012.865,139109.623,7.669829015544044
2.4,edge,0.003600,700,18.580,139119.626,139217.365,7.678351538461532
2.4,edge,0.003600,1000,18.675,139227.368,139324.610,7.71619922680413
2.4,edge,0.003600,1300,18.694,139334.612,139431.744,7.738148320413441
2.4,edge,0.003600,1600,18.730,139441.746,139538.704,7.751956994818642
2.4,edge,0.003600,1900,18.725,139548.706,139645.683,7.7348333333333334
2.4,edge,0.003600,2100,18.624,139655.686,139753.188,7.746507197943448
2.4,edge,0.003600,2400,18.738,139763.190,139860.097,7.775208808290158
2.4,edge,0.003600,2700,18.752,139870.099,139966.934,7.7671243523316145
2.4,edge,0.003600,3000,18.437,139976.936,140075.432,7.793937659033078
2.4,edge,0.004000,100,18.476,140085.435,140183.701,7.710123469387758
2.4,edge,0.004000,400,18.541,140193.703,140291.629,7.72957051282051
2.4,edge,0.004000,700,18.535,140301.631,140399.608,7.7245161125319735
2.4,edge,0.004000,1000,18.442,140409.611,140508.082,7.727557908163265
2.4,edge,0.004000,1300,18.693,140518.084,140615.233,7.725576288659796
2.4,edge,0.004000,1600,18.599,140625.236,140722.919,7.730865552699226
2.4,edge,0.004000,1900,18.534,140732.923,140830.903,7.7121578005115135
2.4,edge,0.004000,2100,18.724,140840.905,140937.876,7.75137098445596
2.4,edge,0.004000,2400,18.529,140947.878,141045.889,7.719819693094631
2.4,edge,0.004000,2700,18.550,141055.891,141153.776,7.718297179487184
2.4,edge,0.004000,3000,18.662,141163.778,141261.066,7.734118298969066
